SNS1_1,SNS1_2,SNS1_3,SNS1_4,SNS1_5,SNS1_6,SNS1_7,SNS1_8,POST1A,POST1B,POST1C,POST1D,POST1E,POST2_1,POST2_2,POST2_3,POST2_4,POST2_5,POST2_6,POST2_7,POST2_8,SOC2POSA,SOC2POSB,SOC2POSC,SOC2POSD,SOC2NEGA,SOC2NEGB,SOC2NEGC,SOC2NEGD,AGE,DURATION
0,0,0,0,1,0,0,0,4,4,4,77,77,1,0,1,0,0,0,0,0,77,3,2,77,2,2,77,3,14,22.86666667
0,1,0,1,1,0,0,0,2,2,3,1,3,1,1,0,0,1,0,1,0,2,2,3,1,3,3,2,2,15,17.85
0,0,0,0,0,0,0,1, , , , , , , , , , , , , , , , , , , , , ,13,12.31666667
0,1,1,1,1,0,1,0,4,4,3,1,4,0,0,0,0,1,0,1,0,2,1,3,1,2,1,3,3,17,9.733333333
0,0,1,0,1,0,0,0,4,4,4,3,4,1,0,1,0,0,0,0,0,3,2,3,3,2,1,2,2,15,14.63333333
0,1,0,1,1,0,0,0,4,3,1,2,4,0,0,0,0,0,0,0,1,2,2,1,2,2,3,3,2,13,11.15
1,0,0,1,1,0,0,0,2,3,2,2,3,1,1,1,0,1,1,1,0,1,1,1,1,3,2,3,3,17,14
1,1,1,1,0,0,0,0,1,1,1,2,1,1,1,1,0,1,0,1,0,1,2,1,2,3,2,1,1,17,31.11666667
0,0,0,0,0,0,0,1, , , , , , , , , , , , , , , , , , , , , ,14,18.9
1,1,0,1,1,1,0,0,3,3,3,3,3,0,0,0,1,0,0,1,0,3,3,3,3,3,3,3,3,13,18.88333333
0,1,1,1,1,0,0,0,2,1,2,2,2,1,0,1,0,0,0,1,0,2,2,1,2,3,2,1,1,13,18.01666667
0,1,0,1,1,0,0,0,3,2,2,4,4,0,0,1,0,0,0,0,0,3,3,3,2,3,3,3,3,15,8.1
1,1,0,1,1,1,0,0,1,2,1,2,2,1,1,1,0,1,0,1,0,1,1,1,2,2,2,2,1,15,24.35
0,1,1,1,1,0,0,0,1,2,1,1,3,1,1,1,0,1,0,1,0,2,2,1,1,2,1,1,1,14,13.86666667
0,1,1,0,1,0,0,0,3,4,3,3,4,1,0,0,0,0,0,0,0,3,3,3,3,3,3,3,3,17,12.98333333
1,1,1,1,1,0,0,0,2,3,3,3,4,1,1,0,0,0,0,0,0,3,2,2,3,3,3,3,2,16,29.43333333
0,0,0,0,1,0,0,0,3,3,4,4,4,0,0,0,0,0,0,0,1,2,2,2,3,3,3,3,3,16,13.11666667
0,1,1,1,1,0,0,0,1,4,1,2,4,0,0,0,0,0,0,1,0,2,2,1,2,3,1,2,2,14,16.31666667
1,1,0,1,0,0,0,0,4,2,2,3,3,1,0,0,0,0,0,0,0,2,2,2,2,3,2,2,2,15,11.26666667
1,1,0,1,1,0,0,0,3,4,4,2,4,0,0,0,0,0,0,0,1,1,2,1,2,2,1,3,2,15,12.16666667
0,1,0,1,1,0,0,0,2,2,2,3,2,1,0,1,0,1,0,1,0,2,2,2,2,3,2,2,2,13,12.05
0,0,0,1,0,0,1,0,2,4,1,3,4,0,0,1,0,0,0,0,0,1,1,1,1,1,1,1,1,16,4.066666667
0,1,0,1,1,0,0,0,3,2,4,2,2,0,0,1,0,0,0,0,0,2,1,2,2,3,3,3,3,15,15.95
0,0,0,0,0,0,0,1, , , , , , , , , , , , , , , , , , , , , ,14,7.066666667
0,0,0,0,1,0,0,0,3,2,1,2,4,1,0,0,0,0,0,1,0,1,2,1,1,3,3,1,2,13,10.08333333
0,1,1,0,1,0,0,0,4,3,2,3,4,0,0,0,0,0,0,0,1,3,3,2,2,3,2,3,2,15,14.1
1,1,1,1,1,0,0,0,2,1,1,1,1,1,1,1,1,1,1,1,0,3,2,2,2,1,1,2,1,14,5.766666667
0,1,1,1,1,0,0,0,2,4,3,2,3,1,1,1,0,1,0,1,0,2,2,3,1,2,3,3,3,17,10.46666667
0,0,0,0,1,0,0,0,4,4,4,4,4,0,0,0,0,0,0,0,1,3,3,3,3,2,2,2,2,16,8.416666667
0,0,0,1,1,0,0,0,4,2,3,4,2,0,0,1,0,0,1,0,0,3,1,3,2,3,3,3,3,17,20.7
0,0,0,1,1,0,0,0,4,2,4,2,4,1,0,1,1,0,0,0,0,2,2,2,1,2,1,3,2,13,22.15
0,0,0,0,0,0,0,1, , , , , , , , , , , , , , , , , , , , , ,13,5.183333333
0,1,1,1,1,0,0,0,3,3,3,3,3,1,0,1,0,0,0,1,0,1,1,1,1,2,3,3,2,14,13.48333333
1,1,0,1,1,0,1,0,4,4,2,2,4,1,1,0,0,0,0,1,0,1,1,1,1,3,2,1,1,16,15.53333333
0,1,0,1,1,0,0,0,3,2,2,2,4,1,0,1,0,0,0,0,0,2,2,2,2,3,3,2,2,15,8.916666667
1,1,1,1,1,0,0,0,3,3,3,2,3,0,0,0,0,0,0,0,1,3,3,1,3,3,3,3,3,15,10.65
0,1,1,1,1,0,0,0,3,3,2,3,4,1,0,1,0,0,1,0,0,3,3,2,2,3,3,3,2,14,37.11666667
0,1,0,1,1,0,0,0,3,3,2,2,4,1,0,1,0,0,0,0,0,2,2,1,1,3,2,2,3,15,13.3
0,1,1,1,1,0,0,0,1,2,4,3,4,0,0,0,0,0,0,0,1,3,3,3,3,3,3,3,3,13,20.21666667
0,0,1,0,1,1,1,0,4,4,4,4,4,0,0,0,0,0,0,0,1,2,3,2,2,3,3,3,3,15,6.516666667
1,1,0,1,1,0,0,0,3,3,4,4,4,0,0,0,1,0,0,0,0,2,2,1,1,3,2,1,1,13,7.05
0,1,0,1,1,0,0,0,2,2,3,4,4,1,1,1,0,0,0,1,0,3,2,3,3,3,3,3,3,17,11.06666667
1,1,1,1,1,0,0,0,1,2,2,1,2,1,1,1,1,0,0,1,0,1,2,1,2,3,2,2,2,13,11.83333333
0,1,0,1,1,0,0,0,3,2,3,2,4,1,1,1,0,0,0,0,0,2,2,1,2,3,2,2,3,17,40
0,1,0,1,0,0,0,0,2,4,3,3,4,1,0,0,0,0,0,0,0,2,2,1,2,3,3,3,3,14,7.45
0,1,1,1,1,0,0,0,2,2,3,3,2,1,1,1,0,1,0,1,0,2,2,2,2,2,2,3,3,17,26.56666667
0,0,1,0,1,0,0,0,1,2,1,2,2,0,0,1,0,1,1,0,0,1,1,2,2,2,1,2,1,13,6.816666667
0,1,1,1,1,0,0,0,4,4,2,4,4,1,0,1,0,0,0,0,0,3,3,2,3,2,2,2,1,17,16.96666667
1,1,1,1,1,0,0,0,3,3,2,2,2,1,0,1,0,0,0,0,0,1,2,2,2,2,2,2,2,13,5.55
1,1,1,1,1,0,0,0,2,2,4,2,2,0,1,0,1,1,0,1,0,3,1,2,2,2,2,3,2,17,11.5
0,1,1,1,1,0,0,0,1,1,3,1,1,0,0,1,0,0,0,1,0,1,1,1,1,3,3,1,3,17,15.15
0,0,0,0,1,0,0,0,4,4,4,4,4,0,0,0,0,0,0,0,1,3,3,3,3,3,3,3,3,14,9.166666667
1,1,1,1,1,1,0,0,1,2,2,4,3,1,1,1,1,1,0,1,0,2,2,1,1,2,3,2,1,16,21.13333333
0,1,0,0,1,0,0,0,3,3,2,3,3,1,0,1,0,0,0,0,0,1,1,1,2,3,3,3,3,14,6.866666667
0,1,0,1,1,0,0,0,4,4,4,3,4,1,1,1,0,0,0,0,0,2,1,2,3,2,3,3,3,13,19.1
1,1,0,1,1,0,0,0,3,4,2,2,4,1,1,1,0,0,1,1,0,2,1,2,2,3,3,3,2,17,15.78333333
1,1,0,1,1,1,0,0,4,4,4,2,4,0,0,0,0,0,0,0,1,3,2,2,3,3,3,3,2,13,10.76666667
0,1,0,1,1,0,1,0,4,2,3,2,4,1,0,0,0,1,0,1,0,1,1,1,1,1,3,2,3,16,15.96666667
0,1,0,1,1,0,0,0,4,4,4,4,4,1,0,1,0,0,0,0,0,3,3,3,3,3,3,3,3,17,9.016666667
0,1,1,1,1,0,0,0,2,3,2,2,3,1,0,0,0,1,0,1,0,1,2,1,2,1,1,1,1,17,19.53333333
1,1,1,1,1,0,0,0,1,1,2,3,2,1,0,1,0,0,0,1,0,1,1,1,1,3,2,2,2,15,9.5
0,0,1,1,1,0,0,0,2,3,3,3,4,1,1,1,0,0,0,0,0,2,2,2,2,3,2,3,3,14,11.9
0,1,0,1,1,0,0,0,3,4,4,3,4,0,0,0,0,0,0,0,1,2,1,2,2,3,2,3,3,14,8.633333333
0,1,1,1,1,0,0,0,1,2,2,4,4,1,0,0,0,0,0,0,0,2,3,2,2,3,3,3,3,13,23.68333333
0,0,1,0,0,0,0,0,1,2,2,2,2,0,1,1,0,0,0,1,0,2,1,2,2,3,2,3,2,16,54.8
0,1,0,1,1,0,0,0,3,2,3,2,3,1,0,1,0,0,0,0,0,3,2,3,2,3,3,3,3,13,18.4
1,1,0,1,1,0,0,0,1,1,2,2,4,1,1,1,0,0,0,1,0,1,1,1,1,3,1,1,2,15,16.2
0,0,1,0,1,0,0,0,3,4,3,4,4,0,1,1,0,0,0,0,0,3,3,2,2,3,3,3,3,16,19.11666667
0,1,1,1,1,0,0,0,2,3,2,2,3,1,0,1,1,1,0,1,0,2,3,2,2,2,1,3,3,17,8.016666667
0,0,1,0,1,0,0,0,2,4,4,3,4,0,1,1,0,0,0,1,0,3,3,3,3,3,3,3,3,17,27.3
1,1,1,1,1,1,0,0,2,4,2,2,2,1,1,1,1,0,0,1,0,2,2,2,2,1,1,1,1,15,7.516666667
1,0,0,0,1,1,0,0,4,4,4,4,4,0,0,0,0,0,0,0,1,3,3,2,1,3,2,3,3,16,5.916666667
0,1,1,1,0,0,0,0,3,3,3,3,4,0,0,1,0,0,0,0,0,2,2,1,3,3,2,3,3,14,13.65
0,1,0,1,0,0,0,0,1,4,3,2,4,0,0,0,0,0,1,0,0,2,3,3,3,3,3,3,3,17,18.83333333
1,1,1,1,1,0,0,0,2,1,4,2,4,1,1,1,0,1,0,1,0,1,2,1,2,3,2,2,3,15,15.08333333
1,1,1,1,1,1,0,0,2,3,2,4,3,0,1,0,0,1,0,0,0,2,3,2,2,1,1,1,1,15,17.23333333
0,0,1,0,1,0,0,0,3,3,3,2,3,0,0,0,0,0,0,0,1,2,2,2,2,3,2,2,2,13,13.7
1,1,0,1,1,0,0,0,1,3,1,1,4,1,0,0,0,0,0,1,0,1,1,1,1,3,3,3,2,17,10.45
1,1,1,1,1,0,0,0,1,1,1,1,1,1,1,1,0,1,0,1,0,1,3,2,2,3,3,3,3,16,24.65
0,0,0,0,1,0,0,0,3,4,4,4,4,0,0,0,0,0,0,0,1,3,2,2,3,3,2,3,2,15,10.45
0,0,0,0,1,0,0,0,4,4,4,4,4,0,0,0,0,0,0,0,1,3,3,2,3,3,3,3,3,13,12.78333333
1,0,1,0,1,0,0,0,4,3,4,2,4,0,0,0,0,0,0,0,1,2,3,3,1,3,3,3,3,15,16.01666667
0,1,0,1,1,1,0,0,4,3,3,2,3,1,1,0,1,1,0,1,0,2,3,1,2,2,2,3,2,17,8.933333333
0,1,1,1,1,0,0,0,1,2,1,1,1,1,1,1,0,1,0,1,0,1,1,1,3,3,3,3,3,17,19.83333333
0,1,0,1,1,0,0,0,2,2,2,2,3,1,0,1,0,0,0,1,0,2,2,2,2,3,3,2,2,15,35.26666667
1,1,1,1,1,1,0,0,2,2,2,1,2,0,1,0,0,0,0,1,0,1,1,2,1,2,2,3,2,17,12.25
1,1,1,1,1,0,0,0,1,1,1,2,2,1,1,1,0,1,1,1,0,1,1,1,1,3,3,3,3,16,47.93333333
1,1,1,1,1,0,0,0,2,4,2,3,4,1,1,1,0,0,1,0,0,3,2,2,3,3,3,2,2,16,8.25
0,0,0,1,1,0,0,0,4,4,4,4,4,0,0,0,0,0,0,0,1,3,3,3,3,3,3,3,3,16,8.9
0,1,0,1,1,0,0,0,3,3,2,4,3,1,1,1,0,0,1,0,0,1,2,1,1,2,2,2,1,15,22.15
1,1,0,1,1,0,0,0,3,4,3,2,1,0,0,0,1,1,0,1,0,2,1,2,1,2,2,1,2,15,16.6
0,1,1,1,0,0,0,0,3,3,2,2,3,0,0,0,0,0,0,1,0,1,2,1,1,3,3,3,3,15,9.85
0,1,1,1,1,0,0,0,3,3,3,3,3,0,0,1,0,0,0,0,0,2,2,1,2,3,3,3,3,13,9.716666667
1,1,0,1,1,0,0,0,3,3,4,4,4,1,0,1,0,0,0,0,0,2,2,1,2,3,3,2,3,16,45.16666667
0,1,0,1,1,0,0,0,3,3,3,2,4,1,1,0,0,1,0,1,0,2,2,1,2,3,2,3,3,13,15.31666667
0,0,0,1,1,0,0,0,2,4,3,2,4,0,0,1,0,0,0,1,0,2,2,1,1,3,3,3,3,13,19.45
0,1,1,1,1,0,0,0,3,4,3,3,4,0,0,1,0,0,0,0,0,2,3,1,2,3,3,3,3,17,13.43333333
1,1,1,1,1,0,0,0,3,1,3,3,3,1,1,1,1,1,0,1,0,2,1,1,1,2,1,2,2,14,7.45
0,1,1,0,1,0,0,0,2,3,2,2,3,1,0,0,0,0,0,0,0,3,2,3,2,3,3,3,3,14,8.533333333
0,0,0,0,0,0,0,1, , , , , , , , , , , , , , , , , , , , , ,13,14.01666667
0,1,1,1,0,0,0,0,1,2,2,1,1,0,0,0,0,0,1,1,0,1,2,2,1,3,3,2,1,16,3.95
1,0,1,1,0,0,0,0,1,4,2,2,1,0,0,1,0,0,1,1,0,2,2,1,2,2,1,1,1,14,9.55
1,1,1,1,1,0,0,0,3,2,3,2,4,1,0,1,0,0,0,0,0,3,3,2,3,3,3,3,3,17,11.61666667
0,1,0,1,1,0,0,0,1,2,2,3,3,1,0,1,0,0,1,0,0,3,3,2,3,3,3,2,2,14,21.81666667
0,1,0,1,0,0,0,0,1,2,2,1,3,1,0,1,0,1,0,1,0,2,2,2,2,3,3,3,2,14,17.21666667
0,0,0,0,1,0,0,0,4,3,3,3,3,0,0,0,0,0,0,0,1,3,3,2,3,3,2,3,3,13,11.05
1,1,1,0,1,0,0,0,3,3,2,2,2,1,0,1,1,0,0,1,0,2,2,2,2,3,2,2,2,16,8.783333333
1,1,1,1,1,0,0,0,1,1,1,1,1,1,1,1,1,1,1,1,0,2,2,2,2,2,2,2,2,14,11.23333333
0,0,0,0,1,0,0,0,4,4,3,3,4,0,0,0,0,0,0,1,0,2,2,2,3,2,1,3,3,17,50.51666667
1,1,1,1,1,1,1,0,4,2,2,3,2,0,0,0,0,0,0,0,1,3,1,2,1,3,3,3,3,16,7.9
0,1,1,1,1,0,0,0,1,1,2,2,2,1,1,0,0,0,0,1,0,1,2,1,2,3,2,2,2,16,8.3
1,1,1,1,1,0,0,0,2,4,4,1,4,0,0,0,1,1,0,1,0,1,1,1,1,3,2,3,3,17,16.56666667
1,1,0,0,1,0,1,0,4,4,4,3,4,0,0,0,0,0,0,0,1,3,2,3,2,3,3,3,3,14,10.46666667
0,0,1,1,1,0,0,0,4,2,4,4,4,0,0,1,0,0,0,0,0,3,3,2,1,3,3,3,3,13,17.11666667
0,0,0,0,0,0,0,1, , , , , , , , , , , , , , , , , , , , , ,13,17.96666667
1,1,0,1,1,0,0,0,2,1,1,1,1,1,1,1,0,0,0,0,0,1,1,1,1,3,1,3,3,16,13.61666667
0,1,1,1,1,0,0,0,2,4,3,2,4,0,1,0,0,0,0,0,0,2,1,1,1,3,1,3,2,16,13
0,1,1,1,1,0,0,0,4,4,4,4,4,0,0,0,0,0,0,0,1,1,2,1,1,3,3,3,3,15,13.05
0,0,1,0,0,0,0,0,1,2,1,3,3,1,1,1,1,1,1,1,0,2,2,2,2,2,2,2,2,14,16.53333333
0,1,0,1,1,0,0,0,3,2,3,3,4,1,0,1,0,0,0,0,0,3,2,3,2,3,3,3,3,13,10.91666667
0,0,1,0,1,0,0,0,3,3,3,3,3,0,0,0,0,0,0,0,1,3,3,3,3,3,3,3,3,15,17.43333333
0,0,0,0,0,0,0,1, , , , , , , , , , , , , , , , , , , , , ,13,6.666666667
1,1,0,1,1,0,0,0,1,2,1,2,3,1,0,1,0,0,1,1,0,1,1,2,2,3,3,1,2,14,21.16666667
0,1,1,1,1,0,0,0,2,2,4,2,3,1,0,1,0,0,0,0,0,1,1,2,1,3,3,3,3,14,20
0,0,0,1,1,1,0,0,3,4,4,4,4,0,0,0,1,0,0,0,0,1,3,2,2,2,3,2,3,16,11.55
0,1,0,1,1,0,0,0,1,1,1,1,1,0,1,1,0,0,0,1,0,3,1,1,1,1,1,1,1,17,8.233333333
0,1,0,1,1,1,0,0,3,1,1,2,1,1,1,1,0,1,0,1,0,2,1,1,1,3,2,3,2,17,38.05
0,1,1,1,1,0,0,0,1,2,3,1,3,0,0,0,0,0,0,0,1,3,2,1,2,3,2,3,3,14,24.83333333
0,1,1,1,1,0,0,0,1,1,1,1,2,1,1,1,0,0,0,1,0,1,1,1,1,3,2,2,2,14,17.13333333
0,1,0,1,1,0,0,0,1,2,2,2,4,1,1,1,0,1,0,1,0,2,3,2,2,3,3,3,3,15,19.46666667
1,1,1,1,1,0,0,0,2,2,3,2,2,1,0,0,0,0,0,1,0,2,2,2,1,3,3,3,3,17,17.33333333
0,1,0,1,0,0,0,0,4,4,3,4,3,1,0,1,1,0,0,0,0,1,1,1,2,2,2,1,1,15,10.46666667
0,0,0,0,1,0,0,0,4,3,4,4,4,0,0,0,0,0,0,0,1,3,2,3,3,2,3,3,3,13,23.83333333
0,1,0,1,1,0,0,0,1,1,1,1,1,0,0,0,0,0,0,0,1,2,3,2,3,3,3,3,3,16,13.88333333
0,1,1,1,1,0,0,0,1,2,4,2,2,1,0,0,0,0,0,0,0,2,2,1,2,3,2,3,2,13,17.31666667
0,1,1,1,1,0,0,0,1,2,3,2,2,0,0,0,0,0,0,0,1,1,1,2,2,1,1,1,1,16,10.18333333
0,0,0,0,1,0,0,0,4,4,4,4,4,0,0,0,0,0,0,0,1,3,1,2,1,3,3,3,3,15,12.96666667
0,1,1,1,1,0,0,0,3,3,4,2,3,1,0,1,0,0,0,0,0,2,2,2,2,3,2,3,3,16,9.966666667
1,1,1,0,1,0,0,0,2,2,4,4,4,0,0,0,0,0,0,0,1,3,3,3,3,3,3,3,3,17,13.78333333
0,1,0,1,1,0,0,0,4,4,4,2,4,0,0,0,0,0,0,0,1,3,3,3,3,3,3,3,3,14,11.8
0,1,1,1,0,0,0,0,2,3,3,2,3,1,0,0,0,0,0,0,0,2,3,1,2,2,3,3,1,17,12.48333333
1,0,0,1,1,0,1,0,2,3,2,2,2,0,0,0,0,0,0,0,1,2,2,1,1,3,2,2,2,15,9.55
0,0,0,1,1,0,0,0,3,4,2,3,4,0,0,0,0,0,0,0,1,3,2,2,2,3,3,3,2,13,24.23333333
1,1,1,1,1,0,1,0,3,4,4,4,4,0,0,0,0,0,0,0,1,3,3,2,3,3,3,3,3,13,11.98333333
1,1,0,1,1,1,0,0,1,1,2,1,2,1,1,0,0,1,0,1,0,1,1,1,1,3,1,1,1,14,26.81666667
0,1,1,1,1,0,0,0,1,1,2,4,2,1,0,1,0,1,0,1,0,2,1,2,2,3,3,3,3,15,10.73333333
1,1,1,1,1,1,0,0,1,2,1,3,3,1,0,0,1,1,1,1,0,1,1,1,1,2,3,2,1,15,20.5
1,0,0,1,1,0,0,0,2,4,1,3,4,1,0,1,0,1,0,0,0,2,1,2,1,3,3,3,3,17,16.25
1,1,1,1,1,0,0,0,2,4,4,2,4,0,0,0,0,0,0,0,1,2,1,1,3,3,2,3,3,13,14.43333333
1,1,1,1,0,0,0,0,3,4,4,2,4,1,0,1,0,0,0,0,0,3,3,3,3,3,3,3,3,16,7.716666667
0,1,0,1,0,1,0,0,1,3,1,2,2,1,0,0,0,0,0,1,0,2,2,2,2,3,2,3,1,15,11.28333333
0,0,1,1,1,0,0,0,2,3,2,2,2,1,0,1,1,0,1,1,0,2,1,2,2,3,2,3,2,13,17.7
0,1,1,0,1,0,0,0,3,2,3,1,2,0,0,0,0,0,0,0,1,3,3,98,3,3,3,3,3,14,8.25
1,1,0,1,1,0,0,0,3,2,3,4,3,1,0,1,0,0,0,0,0,3,1,1,1,3,3,3,3,15,22.13333333
1,1,1,1,1,0,0,0,3,3,3,3,3,1,0,1,0,0,0,1,0,3,3,3,3,3,3,3,3,13,7.75
0,0,0,0,1,0,1,0,4,2,4,4,4,0,0,0,0,0,0,0,1,3,3,2,2,3,3,3,3,14,14.86666667
0,0,0,0,1,0,0,0,4,4,4,4,4,0,0,0,0,0,0,0,1,3,3,3,2,3,2,3,3,13,10.2
1,1,1,1,1,0,0,0,3,2,4,1,1,0,0,0,0,0,0,0,1,3,2,2,2,3,1,3,3,14,12.55
1,1,1,1,1,0,0,0,2,3,3,2,2,0,0,0,0,0,0,0,1,2,2,2,2,3,2,3,3,17,21.58333333
0,1,1,1,1,0,0,0,4,4,4,4,4,0,0,0,0,0,0,0,1,2,2,2,2,3,3,3,3,14,8.35
1,0,0,0,1,0,0,0,3,4,3,4,4,1,0,0,0,0,0,1,0,3,1,2,3,3,2,3,3,16,24.78333333
0,0,1,0,0,0,0,0,2,2,2,2,4,0,0,0,0,1,0,1,0,3,2,1,3,3,3,2,3,14,7.716666667
1,1,1,1,1,0,0,0,4,2,2,3,3,1,1,1,0,0,0,0,0,1,2,1,2,3,2,2,2,15,10.85
1,1,1,1,1,1,1,0,1,1,2,2,2,1,1,0,0,1,0,1,0,2,1,2,1,3,3,3,2,16,10.41666667
0,1,1,1,1,0,0,0,2,2,2,2,2,0,0,0,0,0,0,0,1,2,2,2,2,3,3,3,3,17,6.633333333
0,1,0,1,1,0,0,0,2,3,2,3,4,1,0,0,0,0,0,0,0,2,2,2,2,3,3,2,1,13,12.21666667
1,1,1,1,1,1,0,0,1,1,1,1,1,1,1,0,0,0,0,0,0,1,1,1,1,1,1,1,3,15,6.233333333
0,1,1,1,1,0,0,0,1,3,2,1,2,1,0,0,0,0,0,1,0,2,2,1,2,2,1,1,2,16,46.48333333
0,1,0,1,1,0,0,0,4,2,1,2,4,1,1,0,0,0,0,0,0,1,2,1,1,2,1,2,2,16,5.183333333
0,1,1,1,1,0,0,0,2,2,4,3,4,1,0,0,0,0,0,0,0,2,2,2,2,3,2,3,3,17,19.85
0,1,1,1,1,0,0,0,3,3,3,2,1,0,0,1,0,0,0,1,0,2,1,1,2,3,3,3,3,13,7.35
0,1,0,0,0,0,0,0,4,4,4,4,4,0,0,0,0,0,0,0,1,3,3,1,3,2,3,3,3,16,28.58333333
1,1,1,1,1,0,0,0,2,3,1,4,4,1,1,0,0,1,0,1,0,1,1,1,1,3,2,2,2,16,19.68333333
1,0,0,0,1,0,0,0,4,3,4,2,4,1,0,1,0,0,0,0,0,2,3,2,3,3,2,3,3,14,44.5
0,1,1,1,1,0,0,0,4,4,4,3,3,1,0,0,0,0,0,0,0,2,2,2,2,3,2,3,3,16,20.83333333
0,1,0,1,1,0,1,0,3,3,3,2,3,1,0,1,1,0,0,0,0,3,2,3,2,2,2,2,2,16,9.9
0,1,0,0,1,0,1,0,4,3,4,4,3,0,0,0,0,0,1,0,0,3,2,2,3,2,1,3,3,16,23.01666667
1,1,1,1,1,0,0,0,4,2,4,2,3,1,1,1,0,0,0,0,0,2,2,2,1,3,3,3,3,17,9.866666667
0,1,0,1,1,0,0,0,3,2,2,4,1,0,0,0,0,0,0,0,1,2,2,1,2,2,3,3,2,14,9.116666667
1,1,1,1,1,0,0,0,1,4,1,2,3,1,1,1,1,1,1,1,0,1,2,1,2,2,3,3,3,15,15.33333333
1,1,1,1,1,0,0,0,3,3,3,2,4,0,0,0,0,0,0,0,1,2,2,2,2,3,3,3,2,14,10.16666667
1,1,1,1,1,0,0,0,3,3,2,1,2,1,1,0,1,0,0,1,0,3,2,1,1,3,2,1,1,17,18.46666667
0,1,0,1,1,0,0,0,2,3,2,3,4,0,0,0,0,0,0,0,1,1,3,1,3,3,2,2,3,14,18.58333333
0,0,0,0,0,0,0,1, , , , , , , , , , , , , , , , , , , , , ,13,7.483333333
0,1,1,1,1,0,0,0,3,3,4,4,4,1,0,1,0,0,0,1,0,1,2,2,1,3,3,3,3,14,9.183333333
1,1,0,1,1,0,1,0,3,2,3,3,2,1,0,0,1,0,0,1,0,2,1,2,2,3,3,3,2,16,24.91666667
0,1,0,0,0,0,0,0,4,3,2,3,3,1,1,1,0,0,0,0,0,1,1,1,1,3,3,3,3,14,11.9
1,1,1,1,1,0,0,0,3,2,4,1,2,1,1,0,0,0,0,0,0,2,3,2,3,3,3,3,3,16,13.45
1,1,1,0,1,1,1,0,2,3,3,2,2,1,0,0,1,0,0,1,0,2,1,2,1,3,3,2,3,17,13.46666667
0,0,0,0,1,0,0,0,4,3,4,4,4,0,0,0,0,0,0,0,1,3,3,3,3,2,2,3,2,16,26.55
0,0,1,0,1,0,1,0,4,2,2,2,3,0,0,0,0,0,0,0,1,2,3,2,2,3,2,3,3,16,13.31666667
1,1,1,1,1,0,0,0,2,4,2,2,4,1,1,1,0,1,0,1,0,2,3,2,2,3,1,2,1,17,17.83333333
0,1,1,1,1,0,0,0,1,3,3,2,3,1,1,1,0,0,1,1,0,3,2,3,2,2,2,1,1,16,18.86666667
0,0,1,1,1,0,0,0,4,3,2,4,3,1,1,1,0,0,0,0,0,2,3,2,3,3,3,3,3,13,22.4
0,1,0,1,1,0,0,0,3,4,3,3,4,0,0,0,0,0,0,1,0,2,2,3,2,1,2,3,1,16,9.05
0,0,0,0,1,0,0,0,3,1,4,4,1,0,0,0,0,0,0,0,1,3,1,3,3,2,2,1,1,14,16.16666667
1,0,1,0,1,0,1,0,3,3,3,2,4,0,0,1,0,0,0,0,0,2,2,2,2,2,2,2,2,15,10.93333333
0,0,0,1,1,0,0,0,3,2,2,1,2,1,0,0,0,0,0,1,0,2,1,1,2,1,1,2,1,13,13.75
1,1,1,1,1,0,0,0,3,2,2,2,2,0,0,1,0,0,0,0,0,1,1,1,1,3,3,3,3,13,9.966666667
1,1,0,0,1,0,0,0,4,4,4,3,3,0,0,0,0,0,0,0,1,3,2,2,3,3,3,3,3,15,15.2
0,0,0,0,0,0,0,1, , , , , , , , , , , , , , , , , , , , , ,13,7.433333333
0,1,1,0,1,0,0,0,4,2,2,4,4,1,0,0,0,0,0,0,0,3,1,3,3,3,2,3,3,17,18.93333333
0,1,1,0,0,0,0,0,3,3,3,2,3,1,0,0,0,0,0,0,0,2,2,1,2,3,2,3,3,17,41.53333333
0,0,1,1,0,0,0,0,2,3,4,2,4,0,0,0,0,0,0,0,1,1,2,1,2,3,2,3,3,16,11.75
0,0,0,0,1,0,0,0,4,4,4,4,4,0,0,0,0,0,0,0,1,3,3,3,3,3,3,3,3,17,9.4
1,1,1,1,1,0,0,0,3,3,2,2,3,1,1,0,0,0,0,1,0,1,2,2,1,3,2,3,3,14,11.65
0,0,0,0,0,0,0,1, , , , , , , , , , , , , , , , , , , , , ,13,23.41666667
0,0,0,0,0,0,0,1, , , , , , , , , , , , , , , , , , , , , ,13,19.41666667
1,1,1,1,1,0,0,0,2,3,2,2,4,1,0,1,0,0,0,1,0,2,2,2,2,2,1,3,2,14,12.06666667
0,1,0,0,1,0,0,0,2,3,3,2,4,1,0,0,0,1,0,1,0,3,1,2,2,3,3,3,2,17,14
0,1,0,1,0,0,0,0,4,4,2,4,4,1,0,1,0,0,0,0,0,3,3,2,2,3,3,3,3,17,14.28333333
0,1,1,1,1,0,0,0,1,1,1,1,1,1,0,1,1,0,1,0,0,1,1,1,1,3,3,3,3,14,30.11666667
0,1,1,1,1,0,0,0,4,2,3,3,4,0,0,0,0,0,0,0,1,3,2,2,3,3,1,3,3,15,20.93333333
0,0,0,0,1,0,0,0,4,3,4,2,4,0,0,0,0,0,0,0,1,3,3,3,3,3,3,3,3,13,13.81666667
0,1,1,1,1,0,1,0,1,4,2,2,3,1,1,1,0,0,1,0,0,2,1,1,2,3,2,2,2,16,14.68333333
0,1,0,1,1,0,0,0,2,2,2,1,2,1,0,1,0,0,0,0,0,1,1,1,1,3,3,2,1,13,9.483333333
0,1,1,1,1,0,0,0,3,2,2,2,2,1,0,0,0,0,1,0,0,1,1,1,1,2,1,2,2,15,12.33333333
0,0,0,1,1,0,0,0,4,4,4,2,4,0,0,0,0,0,0,0,1,2,1,1,2,2,3,3,3,16,35.51666667
1,1,0,1,1,0,0,0,3,2,3,2,4,0,0,0,0,0,0,0,1,2,2,2,2,3,3,3,3,16,10.8
1,1,1,0,1,0,0,0,4,4,3,2,4,0,0,1,0,0,0,0,0,3,2,2,2,3,3,3,3,15,22.83333333
1,1,1,1,1,0,0,0,2,2,1,2,2,1,0,0,0,0,0,1,0,1,2,1,2,3,2,3,3,13,13.4
0,1,1,0,1,0,0,0,3,2,4,2,4,0,0,0,0,0,0,0,1,3,2,2,3,3,3,2,2,16,33.2
0,0,0,0,1,0,0,0,4,4,4,4,4,0,0,0,0,0,0,0,1,3,2,3,3,3,2,3,3,16,33.83333333
0,1,0,0,1,0,0,0,4,2,2,2,4,1,0,1,0,0,1,0,0,1,1,1,2,2,2,2,2,15,9.8
0,0,1,0,1,0,0,0,3,3,2,2,2,1,0,1,1,1,1,1,0,1,1,2,2,2,1,2,2,13,9.133333333
0,1,1,1,1,0,0,0,2,2,2,2,3,0,0,0,0,0,0,0,1,2,2,2,2,3,3,3,3,15,13.03333333
1,1,1,1,1,0,0,0,3,1,2,2,3,1,0,1,0,1,1,1,0,1,1,2,2,3,3,2,3,13,56.38333333
0,0,1,0,1,0,0,0,4,4,4,2,4,0,0,0,0,0,0,0,1,2,2,2,1,3,3,3,3,17,15.36666667
1,1,1,1,0,0,0,0,3,4,4,2,2,1,0,1,1,1,0,1,0,1,2,1,1,2,2,3,2,16,11.2
0,1,0,1,1,0,0,0,4,3,3,1,2,0,0,0,0,0,0,0,1,3,3,2,2,3,3,3,3,14,12.1
1,1,1,1,1,0,1,0,3,3,3,3,3,0,0,0,0,0,0,0,1,2,1,2,2,2,3,2,2,17,27.16666667
0,1,0,1,0,0,0,0,1,1,1,1,3,1,0,1,0,0,0,1,0,1,1,1,1,2,2,1,3,14,15.3
0,1,0,1,1,0,1,0,1,1,1,2,4,1,1,0,0,1,1,1,0,2,1,1,1,2,3,3,2,15,7
0,0,0,1,1,0,1,0,2,2,2,4,4,1,0,0,0,0,0,0,0,2,2,2,2,2,2,3,1,17,8.583333333
1,1,0,1,0,0,0,0,4,4,3,2,4,0,0,0,0,0,0,0,1,3,3,2,2,2,2,2,2,16,23.93333333
0,1,1,1,1,0,0,0,2,1,2,2,4,1,1,1,0,0,0,1,0,1,2,1,1,3,2,2,2,16,18.88333333
1,1,1,1,0,0,0,0,2,4,2,3,4,0,0,0,0,0,0,0,1,3,3,2,3,2,3,1,2,15,6.166666667
0,1,1,1,1,0,0,0,1,2,2,2,3,1,1,1,0,1,0,1,0,2,1,2,1,3,2,3,2,16,42.63333333
1,1,1,1,1,0,0,0,2,3,3,2,3,1,1,1,1,1,1,1,0,2,2,1,2,2,2,1,1,16,11.41666667
1,1,0,1,1,0,0,0,4,2,2,1,3,1,0,1,0,0,0,0,0,1,1,1,1,3,3,3,2,13,15.08333333
1,1,1,1,1,0,0,0,3,3,2,4,4,1,0,1,0,0,0,0,0,2,3,2,3,2,2,2,3,13,16.65
1,1,1,1,1,0,0,0,2,3,3,3,4,0,0,1,0,0,0,0,0,3,3,2,2,3,3,3,3,13,10.66666667
1,1,1,1,1,0,0,0,3,3,2,3,2,1,0,0,0,1,0,1,0,1,1,1,1,3,2,3,3,16,56.3
1,0,0,1,1,0,0,0,4,3,3,1,4,1,0,0,0,0,0,0,0,3,3,3,3,3,1,3,3,14,19.03333333
0,0,0,0,1,0,0,0,1,2,2,2,3,1,0,1,0,1,0,1,0,1,2,1,2,2,2,2,2,13,13
0,0,0,0,1,0,0,0,4,4,4,2,4,0,0,0,0,0,0,0,1,2,2,2,3,3,3,3,3,16,12.28333333
0,0,0,1,1,0,0,0,4,4,3,2,4,0,0,0,0,0,0,0,1,2,3,1,3,3,2,3,2,13,22.66666667
1,1,0,1,1,0,0,0,1,4,3,3,3,0,0,0,0,0,0,0,1,1,2,2,98,2,3,2,3,17,5
0,1,0,1,1,0,0,0,1,2,1,2,3,1,0,0,0,0,0,1,0,2,2,1,1,3,2,3,3,15,9.8
0,0,1,1,1,0,0,0,4,3,4,2,4,1,0,1,0,0,1,0,0,3,3,1,2,3,2,2,3,16,31.05
1,1,0,1,1,0,0,0,3,98,98,98,98,0,0,0,1,0,0,0,0,2,2,3,2,2,3,1,1,14,6.383333333
0,1,0,1,1,0,0,0,4,2,2,3,2,1,0,0,0,0,0,0,0,1,2,1,3,2,2,3,3,15,16.81666667
0,1,1,1,1,1,0,0,2,4,2,2,4,1,0,1,0,0,0,1,0,2,1,1,2,2,3,2,3,16,20.15
0,1,0,1,0,0,0,0,4,2,3,3,4,0,0,0,0,0,0,0,1,3,2,3,3,2,2,2,2,15,10.65
0,1,0,0,1,0,0,0,98,3,3,2,4,1,0,1,0,0,0,0,0,2,1,2,2,3,2,3,3,15,11.55
1,1,1,1,1,1,0,0,2,4,2,2,4,1,0,1,0,1,0,1,0,1,2,1,3,2,3,2,2,16,10.31666667
1,1,0,1,1,0,0,0,2,4,2,2,3,0,0,1,0,0,0,1,0,2,2,2,2,3,2,3,3,15,19.21666667
0,1,0,1,1,0,0,0,4,2,2,3,3,1,1,1,0,0,0,0,0,2,1,1,1,3,3,3,2,14,9.05
1,1,0,1,1,0,0,0,1,2,2,2,1,1,0,1,0,0,0,0,0,1,2,1,2,3,3,3,2,14,6.533333333
0,0,0,0,1,0,0,0,4,4,4,4,4,0,0,0,0,0,0,0,1,3,2,3,2,2,1,3,2,14,12.9
1,1,1,1,1,0,0,0,1,2,3,3,4,1,1,1,0,0,0,0,0,2,2,1,2,2,2,2,2,17,17.25
1,1,1,1,1,1,0,0,3,3,2,2,1,1,1,1,0,1,0,1,0,1,1,1,1,3,3,3,3,17,10.71666667
0,0,0,0,1,0,0,0,4,4,4,4,4,0,0,0,0,0,0,0,1,1,1,1,1,3,3,3,3,14,27.3
1,1,1,1,1,0,0,0,3,3,3,4,4,0,0,0,0,0,0,0,1,2,2,3,2,3,2,2,2,16,8.75
1,1,1,1,1,0,0,0,1,2,2,2,3,1,0,0,0,0,0,1,0,2,2,2,1,98,98,98,2,17,11.73333333
0,0,0,0,1,0,1,0,4,4,4,4,4,0,0,0,0,0,0,0,1,3,3,3,3,3,3,3,3,15,7.05
0,1,0,1,1,0,0,0,4,2,2,3,3,0,0,0,0,0,0,0,1,2,2,1,2,3,3,3,3,13,12.53333333
0,0,0,0,1,0,0,0,4,4,4,4,4,0,0,0,0,0,0,0,1,3,3,3,3,2,2,2,2,17,8.25
1,1,1,1,1,0,0,0,3,2,1,2,3,1,1,1,0,0,0,1,0,1,2,1,2,2,3,2,2,17,16.85
0,1,0,1,1,0,0,0,2,3,2,3,4,1,0,1,0,0,0,0,0,2,3,1,2,3,3,2,3,14,19.16666667
1,1,0,1,1,0,0,0,3,2,2,1,4,1,1,1,0,0,0,1,0,1,1,1,1,3,3,2,2,17,11.73333333
0,0,1,1,1,0,0,0,4,2,3,1,3,1,0,1,0,0,0,0,0,3,2,2,2,3,2,3,3,14,15.38333333
1,1,1,1,0,0,0,0,1,4,3,3,3,1,0,1,0,0,1,0,0,2,2,2,3,3,2,3,3,17,39.53333333
0,1,1,1,1,0,0,0,2,3,1,1,2,1,0,0,0,0,0,1,0,2,2,1,2,3,3,2,2,16,30.05
0,1,0,0,1,0,0,0,4,4,3,3,4,1,0,0,1,0,0,0,0,2,1,1,1,2,3,2,2,16,7.416666667
0,1,1,1,1,0,0,0,4,4,4,1,4,0,0,0,0,0,0,0,1,2,2,2,3,3,2,3,3,13,35.76666667
1,1,1,1,1,0,0,0,1,2,2,1,2,0,1,1,0,0,0,1,0,1,1,1,1,2,1,2,1,13,11.03333333
0,1,1,0,1,0,0,0,2,2,2,2,4,0,0,1,0,0,0,0,0,1,2,1,1,3,2,3,3,17,9.516666667
1,1,0,1,1,1,1,0,3,2,3,1,4,1,0,1,0,0,0,0,0,3,3,2,3,2,3,2,2,15,10.9
0,0,0,1,1,0,1,0,4,4,4,1,4,1,0,0,0,0,0,0,0,2,2,1,2,2,2,3,2,16,9.3
0,1,0,1,1,0,0,0,3,3,2,2,3,1,0,0,0,0,0,0,0,2,2,1,2,1,1,1,1,15,35.11666667
0,0,0,1,1,0,0,0,2,2,3,2,3,0,0,0,0,0,0,0,1,2,2,2,1,3,3,3,3,14,33.1
0,1,0,1,1,0,0,0,2,4,4,3,4,1,0,0,0,0,0,0,0,2,3,2,3,3,3,3,3,16,22.8
1,1,0,1,1,0,0,0,4,3,2,3,3,1,1,0,0,0,0,0,0,2,2,1,3,2,1,1,1,15,12.95
0,1,0,1,1,0,0,0,2,3,4,3,4,0,0,0,0,0,0,0,1,2,2,2,2,2,2,2,2,16,4.4
0,1,1,1,1,0,0,0,2,3,3,3,3,0,0,1,0,0,0,0,0,3,2,2,2,3,3,3,3,15,8.533333333
1,1,1,1,1,0,0,0,3,2,2,2,1,1,0,0,0,1,1,1,0,1,1,1,1,3,1,3,3,15,15.23333333
0,1,1,1,1,0,1,0,4,4,4,4,4,0,0,0,0,0,0,0,1,1,2,1,1,3,3,3,3,17,18.6
1,1,1,1,1,0,0,0,1,3,2,2,3,1,0,0,0,0,0,1,0,2,1,2,1,3,2,2,2,13,9.716666667
0,0,0,1,0,0,0,0,4,4,4,3,4,0,0,0,0,0,0,0,1,3,2,2,3,3,2,3,2,15,8.9
1,1,1,1,1,1,0,0,1,1,1,2,1,0,0,0,0,0,0,1,0,1,1,1,1,3,3,2,1,14,9.55
1,1,1,1,1,0,0,0,2,2,2,3,3,1,1,1,1,1,0,1,0,2,2,2,2,2,2,2,2,17,14.8
0,0,0,0,1,0,0,0,98,98,98,98,98,0,0,0,0,0,0,0,0,98,98,98,98,98,98,98,98,13,10.9
1,1,0,1,1,1,0,0,4,3,2,1,2,1,0,0,1,1,0,1,0,1,1,1,2,2,3,3,3,13,12.95
0,1,1,1,1,0,0,0,1,2,1,1,4,1,1,1,0,0,0,1,0,2,1,1,1,2,2,3,3,17,12.48333333
0,1,0,1,1,0,0,0,3,3,2,2,4,0,0,0,0,0,0,0,1,2,2,2,2,2,2,3,2,15,8.5
1,1,1,1,1,0,0,0,1,1,2,2,1,1,1,1,0,1,0,1,0,2,1,1,1,2,2,1,1,16,43.46666667
0,0,0,0,1,0,0,0,4,4,4,4,4,0,0,0,0,0,0,0,1,2,3,3,3,3,3,3,3,17,14.75
0,1,1,1,1,0,0,0,3,4,4,3,4,1,1,0,0,0,0,0,0,1,2,2,1,3,3,2,2,15,14.01666667
1,1,1,1,1,0,0,0,2,1,2,3,4,1,1,1,0,0,0,1,0,1,1,1,1,3,3,3,2,16,12.7
0,0,0,1,0,1,1,0,3,4,4,3,4,0,0,0,0,0,0,0,1,3,2,1,1,3,3,3,3,15,10.05
1,1,0,1,1,0,0,0,3,2,3,2,2,1,1,1,0,0,0,1,0,1,1,1,1,3,3,2,3,16,13.88333333
0,1,1,1,1,1,0,0,2,2,3,1,2,1,0,0,1,0,0,1,0,1,1,1,1,3,1,3,3,13,10.03333333
0,0,1,1,1,0,0,0,2,2,2,2,2,1,0,1,0,0,0,1,0,1,1,1,1,2,2,2,2,17,7.983333333
0,1,0,0,1,0,0,0,4,4,4,4,4,0,0,0,0,0,0,0,1,3,3,1,3,3,3,3,3,16,9.466666667
0,1,1,1,1,0,0,0,4,3,4,4,1,0,0,0,0,0,0,0,1,2,3,2,2,3,3,3,3,15,25.18333333
1,0,0,0,1,0,0,0,4,4,4,4,4,0,0,0,0,0,0,0,1,2,3,3,3,3,2,3,3,13,7.733333333
1,1,0,1,1,0,0,0,3,4,3,2,4,1,0,1,0,0,1,0,0,2,1,1,2,3,3,3,3,16,17.35
0,0,1,1,1,0,0,0,3,2,2,3,2,1,0,0,0,0,0,0,0,2,1,2,1,3,3,3,3,16,6.35
0,1,0,1,1,1,0,0,3,3,2,4,4,1,0,1,1,0,0,0,0,1,2,1,1,3,2,2,3,15,15.45
0,0,1,1,1,0,0,0,1,2,2,1,4,0,0,0,0,0,0,0,1,1,2,1,1,3,2,3,3,16,9.3
0,1,0,1,1,0,1,0,4,2,4,3,4,1,0,0,0,0,0,0,0,1,1,2,1,3,3,3,3,15,55.85
0,0,1,0,0,0,0,0,4,4,4,3,3,1,1,0,0,0,0,0,0,3,3,3,3,3,3,3,3,16,9.85
1,1,1,1,1,0,0,0,2,3,2,3,2,1,0,1,1,0,0,0,0,2,2,1,2,3,3,3,3,15,17.05
1,0,0,0,0,0,0,0,4,2,2,3,2,0,0,0,0,0,0,1,0,1,2,2,2,2,3,2,2,17,2.7
1,1,0,0,1,1,1,0,4,4,4,4,4,0,0,0,0,0,0,0,1,3,3,2,3,3,3,3,3,14,7.416666667
1,1,1,1,1,0,0,0,2,3,3,3,3,0,1,1,0,0,0,0,0,2,1,1,2,3,2,2,1,15,5.833333333
0,0,0,0,1,0,0,0,4,4,3,2,3,0,0,0,0,0,0,0,1,2,2,3,2,3,2,3,2,15,19.58333333
0,1,0,1,0,0,0,0,3,3,3,3,4,0,0,1,0,0,0,0,0,3,3,2,3,3,3,3,2,15,15.11666667
0,0,0,0,1,0,1,0,4,4,4,4,3,0,0,0,1,0,0,0,0,3,1,3,2,2,3,3,3,15,16.16666667
0,0,1,0,1,0,0,0,3,3,4,2,4,0,0,1,0,0,0,0,0,2,3,2,2,3,2,3,3,16,9.783333333
0,1,0,0,1,0,0,0,3,3,2,1,3,0,0,0,0,0,0,1,0,2,2,2,2,3,3,3,2,13,17.11666667
0,1,1,1,0,0,0,0,3,4,4,4,4,0,0,0,0,0,0,0,1,2,3,2,2,3,3,3,3,16,30.25
0,1,0,1,0,0,0,0,3,3,3,2,3,0,0,0,0,0,0,0,1,1,1,1,1,3,3,2,2,14,9.95
0,1,0,1,1,0,1,0,4,1,4,2,2,1,1,0,0,1,0,1,0,1,1,1,1,3,3,3,3,14,21.63333333
1,1,0,1,1,0,0,0,3,2,3,4,2,1,0,0,0,0,0,0,0,1,2,1,1,2,2,2,2,14,16.06666667
1,1,1,1,1,0,0,0,1,2,1,1,2,0,0,1,0,0,0,0,0,2,1,1,2,3,3,3,3,13,16.41666667
0,1,0,1,1,0,0,0,4,3,4,3,3,0,0,0,0,0,0,0,1,2,1,3,2,2,3,3,1,15,7.816666667
0,1,1,1,1,0,0,0,3,3,2,2,4,1,0,1,0,0,0,1,0,2,3,2,2,3,3,3,3,16,9.083333333
0,1,1,1,1,0,0,0,2,4,4,2,4,0,0,0,0,1,0,1,0,3,2,3,2,3,2,3,2,16,16.61666667
0,1,0,1,1,0,0,0,2,2,2,2,3,0,0,0,0,1,0,1,0,2,1,1,2,2,2,1,1,15,11.18333333
0,1,1,1,1,0,0,0,3,1,4,2,4,0,0,0,0,0,0,0,1,2,2,2,3,3,3,3,3,16,9.183333333
1,1,0,1,1,0,0,0,4,2,2,3,3,1,0,0,1,0,0,1,0,2,1,1,2,3,3,1,1,15,14.73333333
0,1,1,0,0,0,0,0,1,1,1,1,1,1,1,1,0,0,1,1,0,1,1,1,1,1,1,1,1,17,6.233333333
0,1,1,1,1,0,0,0,2,2,2,4,4,1,0,1,0,0,0,1,0,3,2,2,3,3,3,3,3,14,9.45
0,1,0,1,1,0,0,0,1,3,1,2,2,0,0,0,0,0,0,0,1,2,2,2,2,3,3,2,2,14,14.2
0,1,1,1,1,0,0,0,1,2,2,2,2,0,0,1,0,0,0,1,0,1,2,1,1,3,3,3,3,14,9.733333333
0,1,1,1,1,1,0,0,1,2,2,3,3,0,0,0,0,0,0,0,1,2,3,2,2,2,2,2,2,15,13.51666667
0,1,1,1,1,0,0,0,2,2,4,2,3,1,0,0,0,0,0,0,0,2,2,2,2,3,3,2,3,14,15.35
0,1,0,1,1,0,0,0,1,1,1,1,3,1,0,1,0,0,0,1,0,2,2,2,2,3,3,3,3,13,10.18333333
1,1,1,1,1,0,1,0,3,2,2,2,2,1,1,1,1,0,0,1,0,2,3,2,1,3,3,3,3,15,8.55
1,1,0,1,1,0,0,0,4,2,2,3,2,1,0,1,0,0,0,0,0,2,2,2,3,3,2,3,3,13,13.05
0,0,1,1,0,0,0,0,3,4,4,4,4,0,0,0,0,0,0,0,1,3,3,3,3,3,3,3,3,15,8.5
1,1,1,1,1,0,0,0,1,2,1,1,2,1,1,1,0,1,1,1,0,1,1,1,1,3,3,1,3,17,20.08333333
1,0,1,0,1,0,0,0,4,2,3,2,3,1,0,1,0,1,0,1,0,1,1,1,1,2,2,3,3,17,58.93333333
0,1,1,1,1,0,0,0,2,4,1,1,4,1,0,1,0,0,0,0,0,1,2,1,1,3,3,3,3,16,14.41666667
0,1,1,1,1,0,0,0,3,4,3,3,3,0,0,0,0,0,0,0,1,2,2,3,2,2,2,2,3,16,13.55
1,1,1,1,1,0,0,0,1,1,1,1,1,0,0,0,1,1,1,1,0,2,1,1,2,1,1,1,1,15,9.75
0,0,0,0,1,0,0,0,3,3,3,4,2,0,0,0,0,0,0,0,1,3,2,3,2,3,3,3,3,14,20.51666667
1,0,0,0,0,0,0,0,3,2,2,1,3,1,0,0,0,0,0,0,0,2,1,2,2,3,2,2,2,17,10.95
0,1,1,1,1,0,0,0,1,1,1,2,2,1,0,0,0,1,0,1,0,1,1,1,1,3,3,1,1,14,44.41666667
1,1,1,1,1,0,0,0,4,2,3,3,4,1,1,0,0,0,0,0,0,2,2,1,2,3,3,2,2,17,9.5
0,1,0,1,1,0,0,0,2,1,2,2,1,0,1,0,0,0,0,0,0,1,2,3,2,1,3,1,2,14,3.683333333
0,1,0,1,0,0,0,0,98,2,2,3,4,1,1,1,0,0,0,0,0,3,3,1,1,3,3,3,3,16,8.5
0,1,0,1,1,0,0,0,2,3,3,2,3,1,0,0,0,0,0,1,0,2,2,2,3,3,3,3,3,16,29.03333333
0,0,1,0,1,0,0,0,2,4,4,3,4,0,0,0,0,0,0,1,0,2,3,2,2,3,2,3,3,13,22.6
0,1,1,1,1,0,0,0,2,2,3,2,4,1,1,1,0,0,0,0,0,1,2,1,1,3,3,1,2,15,8.133333333
1,1,1,1,1,0,0,0,3,4,2,3,4,1,0,1,0,0,1,0,0,3,1,1,3,2,2,1,1,16,13.33333333
1,1,0,1,1,0,0,0,1,2,1,2,4,1,1,1,0,0,0,0,0,1,1,1,3,2,1,2,2,16,31.51666667
1,1,1,0,1,0,1,0,3,3,1,4,4,1,1,0,0,1,0,1,0,2,3,2,3,2,1,3,1,14,15.38333333
1,1,0,1,1,0,0,0,3,2,2,3,2,0,1,1,1,0,0,0,0,1,1,1,1,3,2,2,1,15,16.2
1,1,1,1,1,1,0,0,4,4,3,4,4,0,0,0,0,0,0,0,1,3,2,2,3,2,2,3,3,15,11.31666667
1,1,0,1,1,0,0,0,2,3,98,3,4,1,0,0,0,0,0,0,0,3,1,2,2,3,3,2,2,14,6.016666667
0,1,1,1,1,0,0,0,4,3,3,4,3,0,0,0,0,0,0,0,1,3,1,2,2,2,3,3,3,13,9.666666667
1,1,1,1,1,0,0,0,2,4,2,2,4,1,0,1,0,0,0,0,0,1,1,1,1,3,2,3,3,15,15.5
1,1,0,1,1,0,0,0,1,1,3,1,2,0,1,1,0,0,0,1,0,2,2,1,1,3,2,3,3,16,18.4
0,0,1,1,0,0,0,0,2,3,2,2,2,1,0,1,0,0,0,1,0,2,3,2,3,3,3,3,3,14,7.883333333
1,1,1,1,1,1,0,0,2,3,2,2,3,0,0,1,1,1,0,1,0,2,2,1,2,3,3,2,2,17,38.98333333
1,1,1,1,1,0,0,0,1,1,3,1,1,1,1,1,0,0,0,0,0,1,2,1,1,3,3,3,3,16,15.91666667
0,1,0,1,1,0,0,0,3,2,3,2,4,1,1,0,0,0,0,0,0,3,2,1,2,3,2,3,2,13,11.71666667
0,0,0,0,1,0,0,0,4,4,3,2,4,1,0,1,0,1,0,0,0,1,1,1,1,3,1,3,3,14,22.66666667
0,1,0,1,1,1,0,0,4,3,2,1,4,0,1,1,0,0,0,1,0,1,3,1,2,1,3,3,3,17,14.81666667
0,1,1,1,1,0,0,0,4,4,4,4,4,0,0,0,0,0,0,0,1,2,2,1,2,2,3,2,2,17,13.26666667
0,1,0,1,1,0,0,0,3,4,3,3,4,0,0,0,0,0,0,0,1,2,2,2,2,3,2,3,2,14,22.3
0,1,1,1,1,0,0,0,2,2,1,3,2,1,1,1,0,1,0,1,0,2,2,1,2,3,2,2,3,17,16.58333333
0,0,1,1,1,0,0,0,2,2,2,1,3,1,0,0,0,0,1,1,0,3,2,2,2,2,1,2,1,17,18.68333333
0,1,1,1,1,0,0,0,2,4,4,4,2,0,0,0,0,0,0,0,1,3,3,3,3,3,3,3,3,16,6.983333333
1,1,1,1,1,0,0,0,4,3,4,4,4,0,0,0,0,0,0,0,1,2,2,2,3,3,3,3,3,17,10.95
0,1,0,1,1,0,0,0,1,1,1,1,1,0,0,1,0,0,0,0,0,1,1,1,1,3,3,3,3,13,5.833333333
1,1,1,1,1,1,0,0,3,2,3,3,3,0,0,1,0,0,0,0,0,1,2,1,1,3,3,3,3,15,10.1
0,1,0,1,0,0,0,0,3,3,3,3,3,0,0,0,0,0,0,0,1,3,3,3,3,3,3,3,3,13,8.15
0,1,1,1,1,0,0,0,1,3,2,1,4,1,1,1,0,1,1,1,0,1,3,2,2,3,2,2,2,15,37.58333333
1,0,1,0,1,0,1,0,3,1,4,1,1,1,1,1,1,1,0,1,0,1,1,1,1,3,2,1,2,15,14.7
0,1,1,1,1,0,0,0,2,3,3,4,3,0,0,0,0,0,0,0,1,3,3,3,3,3,3,3,3,14,18.66666667
0,1,0,1,1,0,0,0,4,2,4,2,4,1,1,1,0,0,1,0,0,2,1,2,2,1,1,1,1,15,8.3
0,0,0,0,0,0,0,1, , , , , , , , , , , , , , , , , , , , , ,13,12.68333333
1,1,1,1,1,0,0,0,2,2,2,3,2,1,1,1,1,1,1,1,0,2,1,2,2,2,2,2,2,15,12.16666667
0,1,1,1,1,0,0,0,2,4,2,1,3,0,1,1,0,1,0,1,0,2,3,1,2,2,2,2,1,14,22.65
1,1,1,1,1,1,0,0,3,4,2,1,3,1,1,1,0,0,0,1,0,1,1,1,2,1,1,3,2,15,23.15
0,0,1,1,1,0,0,0,1,1,1,2,3,1,0,1,0,0,0,1,0,1,1,1,2,3,2,3,3,17,17.28333333
1,1,0,1,1,1,0,0,1,4,3,3,4,0,0,1,0,0,0,0,0,3,2,3,1,3,3,3,3,15,10.75
0,1,1,1,1,0,0,0,2,2,2,2,4,1,0,0,0,0,0,0,0,2,2,1,2,2,1,1,1,15,12.35
0,0,1,1,1,0,0,0,2,3,2,2,2,1,0,0,0,0,0,0,0,2,2,2,3,2,3,3,2,15,12.48333333
0,0,0,0,1,0,0,0,4,1,4,2,2,0,0,0,0,0,0,0,1,3,1,2,2,2,2,3,2,15,28.68333333
0,1,0,1,1,0,0,0,4,4,4,4,4,0,0,0,0,0,0,0,1,2,2,2,1,3,3,3,3,13,17.7
0,1,1,1,1,1,0,0,2,3,3,2,4,1,0,1,0,0,0,1,0,2,1,1,2,3,3,2,2,16,26.16666667
0,0,0,0,1,0,0,0,4,4,4,4,4,0,0,0,0,0,0,0,1,3,3,3,3,3,2,3,2,13,12.51666667
1,0,0,1,1,0,0,0,4,4,4,2,3,0,0,0,0,0,0,0,1,3,3,2,3,2,2,3,3,15,18.28333333
0,0,0,1,0,0,0,0,3,3,3,3,3,0,0,0,0,0,0,0,1,3,2,3,2,3,2,2,3,14,16.28333333
0,0,1,0,0,0,0,0,3,3,3,3,4,0,0,0,0,0,0,1,0,2,3,3,3,3,2,3,3,13,29.75
0,0,0,0,1,0,0,0,4,4,4,4,4,0,0,0,0,0,0,0,1,3,3,3,3,3,3,3,3,13,16.46666667
1,1,1,1,1,0,0,0,4,3,2,2,4,1,0,1,0,1,0,1,0,1,1,1,2,3,3,2,1,15,10.45
0,0,0,0,1,0,0,0,4,4,4,4,4,0,0,0,0,0,0,1,0,1,2,2,1,3,3,3,3,13,11.43333333
1,0,0,0,1,0,0,0,2,4,4,4,4,0,1,0,0,1,0,1,0,3,2,3,2,3,3,3,3,13,14.35
0,1,1,1,1,0,0,0,4,4,4,4,4,0,0,1,0,0,0,0,0,3,2,3,3,3,3,3,3,14,17.3
0,1,1,1,1,0,0,0,3,2,3,2,3,1,0,0,0,0,0,0,0,3,3,2,3,3,3,3,3,15,9.85
1,1,1,0,1,1,1,0,2,4,2,3,4,1,0,1,0,0,0,0,0,2,3,2,2,3,2,3,2,17,7.6
1,1,0,1,1,0,0,0,3,2,3,3,2,1,0,0,0,0,0,1,0,1,1,1,1,2,3,3,2,15,14.98333333
0,1,1,1,1,0,0,0,2,1,1,1,3,1,1,0,0,1,0,1,0,3,1,1,1,3,3,3,3,17,21.35
0,1,1,0,1,1,0,0,3,2,2,3,2,1,0,1,1,0,0,0,0,1,1,1,2,2,1,2,1,15,9.8
0,0,0,0,1,0,0,0,4,4,4,4,4,0,0,0,0,0,0,0,1,2,2,3,2,3,3,3,3,15,35.86666667
0,1,0,1,1,0,0,0,4,4,3,2,4,0,0,0,0,0,0,0,1,2,2,2,2,3,3,3,3,15,26.28333333
0,1,0,0,1,0,0,0,4,4,3,2,4,0,0,1,0,1,0,1,0,2,3,1,2,3,3,3,3,14,13.28333333
0,1,0,1,1,1,0,0,3,3,4,3,3,1,1,1,0,0,1,0,0,3,1,2,1,3,3,2,2,15,15.8
0,0,1,0,1,0,0,0,3,4,3,3,4,0,0,1,1,0,0,1,0,1,2,1,1,3,2,3,2,16,13.43333333
0,1,0,1,1,0,0,0,3,2,3,2,2,0,0,1,0,0,0,0,0,3,2,2,3,3,3,3,3,17,9.3
0,1,0,1,1,0,0,0,2,4,4,3,2,0,1,1,0,0,0,0,0,3,3,3,3,3,3,2,3,17,30.25
1,1,1,0,1,0,0,0,1,2,2,1,3,1,1,1,0,1,1,0,0,2,2,2,2,2,2,2,3,13,17.9
0,1,1,0,1,0,0,0,2,3,1,3,4,0,0,1,0,0,0,0,0,2,2,1,2,3,2,3,3,15,11.78333333
0,1,0,0,1,0,0,0,2,3,4,2,4,0,0,0,0,0,0,0,1,3,2,1,3,3,3,3,3,15,23.93333333
0,1,0,0,0,0,0,0,2,2,2,2,3,1,0,1,0,0,0,0,0,2,3,2,3,3,3,3,3,16,10.03333333
1,1,1,1,0,0,0,0,2,2,2,2,3,1,0,1,0,0,0,0,0,2,2,1,3,3,2,2,3,13,7.016666667
1,1,1,1,1,0,0,0,2,3,2,2,2,1,0,0,0,0,0,1,0,2,2,2,2,2,2,2,2,15,9.316666667
1,1,0,0,0,0,0,0,2,3,1,3,2,0,1,0,0,0,0,0,0,2,2,1,2,2,1,2,1,13,7.683333333
0,1,0,0,1,0,0,0,4,2,2,3,3,1,0,1,0,0,0,0,0,2,1,1,2,2,1,3,3,13,13.68333333
0,1,0,1,1,0,0,0,2,2,3,2,2,1,0,1,0,0,1,1,0,2,2,3,3,3,2,2,2,14,12.05
0,1,1,1,1,0,0,0,1,2,1,4,4,0,0,1,0,0,0,1,0,1,3,2,3,3,3,2,3,14,16.4
0,1,1,1,1,0,0,0,1,4,4,2,1,0,0,1,0,0,0,0,0,2,2,1,2,2,2,1,3,13,31.95
1,0,0,1,1,0,0,0,2,1,2,3,2,1,0,1,1,0,0,1,0,2,1,1,2,3,1,3,2,13,17.96666667
0,0,0,0,0,0,0,1, , , , , , , , , , , , , , , , , , , , , ,13,8.75
0,1,1,0,1,0,0,0,2,3,2,2,3,1,0,1,0,0,0,1,0,1,2,1,1,3,2,3,3,15,10.16666667
0,1,0,0,0,0,0,0,4,4,4,4,4,0,0,0,0,0,0,0,1,2,3,2,3,3,2,3,3,16,11.01666667
0,1,1,0,0,0,0,0,3,4,2,2,4,0,0,0,0,0,0,0,1,2,3,2,2,3,1,1,1,17,7.55
0,1,1,1,0,0,0,0,2,3,2,3,3,1,0,1,0,0,0,0,0,2,1,1,2,2,2,1,1,15,13.45
1,1,1,1,1,0,0,0,2,2,2,1,3,1,0,1,0,0,1,0,0,1,1,1,1,2,3,3,2,16,18.01666667
0,0,0,0,1,0,0,0,4,4,4,4,4,0,0,0,0,0,0,0,1,3,3,3,3,3,3,3,3,15,16.51666667
1,1,1,1,0,0,0,0,2,4,3,3,2,0,0,0,0,0,0,1,0,1,2,1,2,3,1,2,3,17,21.7
0,0,0,0,1,0,0,0,4,4,4,4,4,0,0,0,0,0,0,0,1,3,2,2,3,3,3,3,3,13,21.83333333
0,1,1,1,1,0,0,0,3,3,3,2,3,0,0,0,0,0,0,0,1,3,3,3,3,3,1,3,3,16,13.48333333
0,1,1,1,1,0,0,0,3,2,4,3,3,1,0,0,0,0,0,0,0,1,2,2,2,3,2,3,3,17,11.38333333
1,1,0,1,1,0,0,0,3,3,2,2,2,1,0,1,0,0,0,0,0,2,2,1,2,2,2,1,1,14,19.1
0,1,0,1,1,0,0,0,3,4,3,4,4,0,0,0,0,0,0,0,1,2,3,2,3,3,3,3,3,15,14.68333333
0,1,0,1,1,0,0,0,3,3,3,3,3,1,0,0,0,0,1,1,0,3,3,3,3,2,1,2,3,15,27.28333333
0,1,0,1,1,1,0,0,1,3,2,2,1,1,1,1,1,0,0,1,0,1,1,1,1,3,2,1,1,17,13.66666667
0,0,0,1,1,0,1,0,4,4,3,3,4,0,0,0,0,0,0,0,1,2,2,2,2,3,3,3,3,17,13.61666667
0,1,1,1,1,0,0,0,3,2,2,2,4,0,0,0,0,0,0,0,1,1,2,2,1,3,2,3,3,16,11.2
0,0,0,0,1,0,0,0,4,4,4,4,4,0,0,0,0,0,0,0,1,3,3,3,3,3,3,3,3,13,17.83333333
0,0,0,0,1,0,0,0,4,2,4,4,3,1,0,0,0,0,0,0,0,2,2,2,2,3,3,3,2,14,31.73333333
0,1,0,1,1,1,0,0,2,2,2,3,4,1,0,1,0,1,0,1,0,1,1,1,1,2,2,1,1,14,16.35
0,1,0,1,1,0,0,0,2,2,3,1,4,1,0,1,1,0,1,1,0,2,2,1,1,2,1,3,3,17,23.83333333
0,0,0,1,1,0,0,0,2,3,3,2,3,1,0,1,0,1,0,1,0,1,1,1,1,3,1,2,3,13,13.33333333
1,1,1,1,1,0,0,0,4,4,3,4,1,0,0,0,0,0,0,0,1,3,2,1,3,3,3,3,3,15,12.7
1,1,1,0,0,0,0,0,1,3,2,1,3,1,0,1,0,0,0,1,0,2,2,2,2,3,3,3,3,13,14.16666667
1,1,1,0,1,1,0,0,4,2,3,1,3,0,0,0,0,0,0,0,1,2,2,2,2,1,1,1,1,16,11.41666667
0,0,0,0,1,0,0,0,4,4,4,4,4,0,0,0,0,0,0,0,1,2,1,2,2,3,2,3,3,14,24.05
0,1,1,1,0,0,0,0,2,3,2,1,4,1,0,0,0,0,1,1,0,2,1,1,1,3,2,3,2,17,11.95
0,0,0,0,0,0,0,1, , , , , , , , , , , , , , , , , , , , , ,15,4.616666667
0,1,0,1,1,0,0,0,1,4,2,2,2,1,0,0,0,0,0,1,0,2,2,1,2,3,2,3,3,14,14.1
1,1,1,1,1,1,0,0,2,3,2,3,3,1,0,1,0,0,0,1,0,2,2,2,2,2,2,2,2,16,9.25
0,1,0,0,1,0,0,0,2,2,2,2,2,0,0,0,1,0,0,0,0,2,2,2,2,2,2,2,2,14,17.23333333
1,1,1,1,1,0,0,0,4,4,4,2,4,1,0,0,0,0,0,0,0,2,2,2,3,3,2,3,3,15,34.43333333
1,0,1,0,1,0,0,0,3,3,2,2,3,1,0,0,0,0,0,1,0,2,3,2,2,3,2,3,2,17,19.76666667
0,0,0,1,0,0,0,0,3,4,4,1,4,0,0,0,0,0,0,0,1,1,1,2,1,3,3,2,2,13,9.966666667
0,0,0,0,1,0,0,0,4,4,4,4,4,0,0,0,0,0,0,0,1,3,3,3,3,1,2,2,2,13,25.05
1,1,1,1,1,0,0,0,1,1,3,1,4,0,0,0,0,0,0,0,1,98,98,98,98,3,3,3,3,15,13.66666667
0,0,1,0,1,0,0,0,4,3,3,4,4,0,0,0,0,0,0,0,1,3,2,2,3,3,3,3,3,17,11.23333333
0,1,1,1,1,0,0,0,4,2,4,3,2,1,0,0,0,0,0,0,0,2,2,2,2,3,1,1,1,13,13.31666667
1,1,1,1,1,1,1,0,1,2,1,1,3,1,1,1,0,1,0,1,0,1,1,1,1,2,1,1,1,17,12.93333333
1,1,1,1,1,0,0,0,3,1,1,1,1,1,0,1,0,0,0,1,0,3,1,2,1,3,3,1,2,17,16.91666667
1,1,1,1,1,0,0,0,2,2,1,2,2,1,1,1,0,0,0,0,0,2,2,1,3,3,2,2,2,15,13.88333333
1,1,0,1,0,0,0,0,3,3,3,3,3,0,0,0,0,0,0,0,1,3,3,3,3,3,2,3,3,16,8.583333333
0,1,0,1,1,0,0,0,4,2,4,4,2,0,0,0,0,0,0,0,1,2,3,2,3,3,3,2,3,14,20.83333333
0,0,0,1,1,0,0,0,2,4,1,2,4,0,0,0,0,0,0,0,1,3,2,2,3,3,3,3,2,14,27.96666667
0,1,0,1,1,0,0,0,1,1,2,2,3,0,1,0,0,0,0,1,0,1,1,1,1,1,1,1,2,14,18.7
0,1,0,1,0,0,0,0,3,3,3,3,4,1,0,1,0,0,0,0,0,3,3,3,2,3,2,3,3,16,34.9
0,1,0,1,1,0,0,0,2,4,2,4,4,0,0,0,0,0,0,1,0,1,2,2,2,3,3,3,3,17,13.08333333
0,0,1,0,1,0,0,0,4,2,2,3,3,0,0,0,1,0,0,1,0,2,2,2,2,2,3,1,3,13,17.16666667
0,1,1,1,0,0,0,0,1,4,3,3,4,1,0,0,0,0,0,0,0,2,2,2,2,3,3,3,3,17,15.13333333
1,1,0,1,1,1,0,0,2,1,2,1,2,1,0,1,1,0,0,1,0,1,1,2,1,3,3,3,3,17,11.71666667
0,1,0,1,0,0,0,0,1,4,3,2,3,0,0,0,0,0,0,0,1,1,1,1,2,3,2,2,3,16,29.66666667
0,1,0,1,1,0,0,0,2,2,2,2,2,1,0,1,0,0,1,0,0,2,1,1,3,3,2,1,2,13,18.73333333
1,1,1,1,1,0,0,0,3,1,1,1,2,1,1,0,0,1,0,1,0,1,1,1,1,2,2,2,2,17,11.28333333
1,1,1,1,1,0,0,0,4,4,4,3,4,0,0,0,0,0,0,0,1,3,3,2,2,3,2,3,3,15,8.966666667
0,1,0,1,1,0,0,0,3,3,3,2,3,1,0,0,0,1,0,0,0,2,2,2,2,3,3,3,3,14,17.98333333
0,1,1,1,1,0,0,0,1,3,2,2,4,1,0,1,0,0,0,0,0,2,2,1,2,3,2,3,3,13,24.9
0,0,0,1,0,0,0,0,2,4,4,4,4,0,0,0,0,0,0,0,1,3,3,2,2,3,3,3,3,16,10.93333333
1,0,1,0,1,0,0,0,3,2,3,3,3,0,0,1,0,0,1,0,0,3,2,2,3,3,2,3,2,14,12.36666667
0,0,0,0,1,0,0,0,4,4,4,4,4,0,0,0,0,0,0,0,1,3,2,3,3,3,3,3,3,16,11.6
0,1,1,1,1,0,0,0,3,4,4,4,3,0,0,1,0,0,0,1,0,2,3,2,3,3,3,2,3,17,13.15
1,1,1,1,1,0,0,0,1,1,1,3,1,0,0,1,0,0,0,1,0,1,1,3,1,3,1,2,2,14,22.28333333
1,1,1,1,1,0,0,0,3,4,3,2,3,0,0,1,0,0,0,1,0,2,2,1,2,3,3,3,3,15,14.11666667
1,0,0,0,0,0,0,0,4,4,4,3,4,0,0,0,0,0,0,0,1,3,3,2,3,3,3,3,3,16,23.41666667
0,1,0,0,1,0,0,0,3,2,4,2,4,0,0,0,0,0,0,0,1,2,2,3,2,3,2,3,3,13,9.4
0,0,0,0,1,0,0,0,4,2,4,4,4,0,0,0,0,0,0,0,1,3,3,3,3,3,1,3,3,13,19.7
0,0,1,0,0,0,0,0,2,4,2,2,4,1,1,1,0,0,0,1,0,3,2,2,2,3,3,3,3,13,16.5
1,1,1,1,1,0,0,0,3,3,4,3,4,0,0,0,0,0,0,0,1,2,2,2,3,2,3,1,2,16,12.36666667
0,1,1,1,1,0,0,0,2,2,2,2,3,0,0,1,0,0,0,1,0,3,2,2,2,3,3,3,3,17,11.11666667
0,1,0,1,1,1,0,0,3,3,3,2,3,1,0,1,0,0,0,1,0,2,1,2,2,2,2,2,3,15,12.01666667
0,1,1,1,1,0,0,0,4,4,3,4,4,0,0,0,0,0,0,0,1,2,3,2,3,3,2,3,2,15,14.21666667
1,1,1,1,1,0,0,0,1,1,1,1,1,1,1,1,0,1,0,1,0,1,1,1,1,1,1,1,1,14,30.33333333
0,1,1,1,1,0,0,0,3,3,3,1,2,1,1,0,0,0,0,1,0,1,1,1,1,3,3,3,3,15,10.33333333
0,0,0,1,0,0,0,0,4,3,4,3,4,0,0,0,0,0,0,0,1,1,3,1,1,3,1,3,3,13,12.45
1,1,0,1,1,0,0,0,3,4,3,2,2,0,0,0,0,0,0,0,1,1,3,1,3,3,3,2,2,13,12.81666667
0,1,0,1,1,1,0,0,3,2,4,2,3,1,0,1,0,0,0,0,0,2,2,2,2,2,2,2,2,15,16.65
1,1,1,1,1,1,0,0,3,3,2,1,4,0,1,1,1,0,0,1,0,1,1,1,1,3,2,2,1,16,19.11666667
0,1,1,1,1,0,0,0,1,1,1,1,3,0,1,0,0,1,0,1,0,2,3,1,2,3,1,2,1,15,12.38333333
0,1,0,0,1,0,0,0,1,3,1,2,4,1,0,0,0,1,0,1,0,1,1,1,1,3,3,3,2,13,27.35
1,1,1,1,1,1,0,0,1,1,1,1,3,1,1,0,0,1,0,1,0,1,1,1,1,2,1,1,1,13,8.683333333
1,1,1,1,1,0,0,0,2,2,2,2,2,1,1,1,0,1,0,1,0,2,2,2,2,3,2,3,3,13,33.68333333
1,1,1,1,1,0,0,0,2,3,2,2,4,1,0,1,0,0,0,1,0,1,2,1,1,3,1,3,2,15,35.78333333
0,1,1,1,1,0,0,0,2,2,2,3,2,1,0,1,0,0,1,0,0,2,2,3,2,3,3,3,3,17,27.05
0,1,1,0,1,0,0,0,4,4,3,4,2,1,0,1,0,0,0,0,0,3,2,3,3,3,3,3,3,13,31.03333333
0,0,0,0,1,0,0,0,4,4,4,4,4,0,0,0,0,0,0,0,1,3,3,3,3,3,3,3,3,13,10.3
0,0,1,0,1,0,0,0,3,3,2,2,3,1,0,0,0,0,0,0,0,2,2,2,3,3,3,3,3,17,21.31666667
0,1,1,0,1,0,0,0,4,4,4,4,4,1,0,0,0,0,0,0,0,3,2,2,3,3,3,3,3,13,27.03333333
0,1,0,1,1,0,0,0,2,3,4,2,3,0,0,0,0,0,0,0,1,2,2,2,3,3,2,2,3,17,23.85
1,1,0,1,0,0,0,0,1,3,1,2,1,1,0,1,1,0,0,1,0,1,1,1,1,2,2,1,1,17,17.18333333
0,1,1,0,1,0,0,0,2,1,4,3,2,1,0,1,0,0,0,0,0,2,2,2,2,3,3,2,2,14,14.26666667
0,0,0,0,0,0,0,1, , , , , , , , , , , , , , , , , , , , , ,13,13.38333333
1,1,1,0,1,0,0,0,2,4,1,4,4,0,0,0,0,0,0,0,1,3,2,2,3,3,3,3,3,17,10.7
1,1,1,1,1,0,0,0,1,1,1,1,1,1,1,1,1,1,1,1,0,1,1,1,1,3,3,3,3,17,10.18333333
1,1,0,1,1,0,0,0,3,2,2,2,3,1,0,0,0,0,0,0,0,1,1,2,1,2,2,3,2,17,13.85
0,0,0,1,1,0,0,0,1,2,2,2,1,1,0,1,0,0,0,0,0,3,2,2,2,3,3,2,3,15,15.23333333
0,1,0,1,0,0,0,0,3,4,3,3,3,0,0,0,0,0,0,0,1,3,3,3,3,3,3,3,3,14,18.31666667
0,0,1,0,0,0,0,0,2,2,3,2,3,0,0,1,0,0,0,0,0,2,2,2,2,3,2,3,3,15,13.06666667
1,1,1,1,1,0,0,0,2,1,2,3,2,1,1,1,1,1,1,1,0,1,1,1,2,3,3,3,3,15,10.03333333
1,1,1,1,1,0,0,0,2,1,1,1,4,0,0,0,0,0,0,0,1,3,3,3,3,3,3,3,3,14,10.88333333
0,1,0,0,0,0,0,0,4,3,3,3,4,1,0,1,0,0,1,1,0,1,1,1,1,1,1,1,1,15,29.65
0,1,1,1,1,0,0,0,3,4,4,1,4,1,0,0,0,0,0,1,0,2,1,1,1,2,2,2,2,17,12.35
0,0,0,0,0,0,0,1, , , , , , , , , , , , , , , , , , , , , ,14,20.56666667
0,0,0,1,1,0,0,0,2,3,4,4,4,0,0,0,0,0,0,1,0,2,2,2,3,2,2,2,2,17,28.61666667
1,0,0,1,1,0,0,0,4,4,3,1,4,1,1,1,0,0,0,0,0,1,1,1,1,3,3,2,2,14,10.56666667
0,1,0,0,1,0,0,0,4,1,1,1,4,0,0,0,0,0,0,0,1,1,1,1,1,3,3,2,3,13,14.58333333
0,1,0,0,1,0,0,0,3,4,3,4,2,1,0,0,1,0,0,0,0,2,1,2,3,3,3,3,3,13,11.06666667
0,1,0,1,1,0,1,0,2,3,3,1,4,0,0,0,0,0,0,0,1,2,2,2,2,2,2,3,3,17,14.2
0,1,0,1,1,0,1,0,2,1,2,3,1,1,0,0,0,0,0,1,0,2,1,1,2,3,3,2,2,14,14.36666667
0,1,1,1,1,0,0,0,3,2,3,3,3,0,0,0,0,0,0,0,1,2,2,2,2,3,2,2,3,14,12.03333333
0,0,1,1,1,0,0,0,3,3,2,2,3,1,0,1,0,0,0,0,0,2,2,3,2,3,2,3,3,15,10.48333333
0,1,1,0,1,0,0,0,2,2,4,2,4,1,0,1,1,0,1,0,0,3,3,2,3,3,3,3,3,13,51.75
0,1,0,0,1,0,0,0,4,4,4,4,4,0,0,0,0,0,0,0,1,3,2,2,3,3,3,3,3,15,9.6
0,1,0,1,0,0,0,0,2,2,2,2,3,0,0,0,0,1,0,1,0,2,1,1,2,3,3,3,3,14,22.23333333
0,1,0,0,1,0,0,0,3,2,3,2,4,1,0,1,0,0,1,0,0,1,2,1,1,3,3,2,1,14,23.05
0,0,0,0,0,0,0,1, , , , , , , , , , , , , , , , , , , , , ,16,12.25
0,1,1,1,1,0,0,0,2,1,2,1,3,1,1,1,0,1,0,1,0,2,2,2,1,2,3,1,2,17,16.46666667
0,1,1,1,1,0,0,0,2,4,3,3,4,1,1,1,0,0,0,0,0,2,1,1,2,2,2,3,3,16,14.58333333
0,0,1,0,1,0,0,0,98,3,2,2,3,1,0,1,1,0,0,0,0,1,2,2,2,3,2,2,2,17,12.71666667
0,0,0,0,1,0,0,0,3,3,3,3,3,1,0,0,0,0,1,1,0,1,1,1,1,3,3,3,3,14,12.81666667
1,1,1,1,1,0,0,0,2,2,1,3,4,0,0,1,0,0,0,0,0,1,3,2,2,3,1,1,1,14,21.75
0,0,0,0,1,0,0,0,4,4,4,4,4,0,0,0,0,0,0,0,1,2,2,2,2,3,3,3,3,13,8.2
1,1,0,1,1,0,1,0,1,3,3,2,4,1,1,0,0,0,0,1,0,1,2,1,1,3,2,1,1,15,9.433333333
1,1,1,1,1,0,0,0,2,2,3,4,4,1,1,1,0,0,1,0,0,1,1,1,2,3,3,2,2,15,12.61666667
0,0,1,0,1,0,0,0,4,4,4,4,4,0,0,0,0,0,0,0,1,2,1,2,1,3,2,2,1,13,29.91666667
1,1,0,0,1,0,0,0,2,1,2,2,3,1,1,1,0,0,0,0,0,2,1,2,1,3,2,1,2,16,6.566666667
0,1,0,0,1,0,0,0,4,2,2,3,3,1,0,1,0,0,0,0,0,2,2,3,2,3,2,1,2,16,25.06666667
1,0,1,0,1,0,0,0,3,2,3,2,2,1,0,1,1,0,1,1,0,1,2,1,1,3,2,1,2,13,19.26666667
1,1,1,1,1,0,1,0,4,1,4,2,2,1,0,0,0,0,0,0,0,2,1,1,1,3,3,3,2,16,15.78333333
0,1,0,1,1,0,0,0,2,4,2,1,4,1,0,1,0,0,0,1,0,1,1,1,1,3,2,3,2,13,15.81666667
1,1,1,1,1,0,0,0,3,2,4,2,3,1,0,1,0,0,0,0,0,3,2,2,2,3,3,3,3,13,26.91666667
1,1,1,1,1,0,0,0,1,2,2,2,2,1,0,1,0,0,0,1,0,2,1,1,2,3,2,3,3,17,12.35
0,1,0,1,1,0,0,0,4,4,4,2,4,0,0,0,0,0,0,0,1,2,2,1,3,3,3,2,2,17,16.83333333
1,0,1,1,1,0,0,0,2,3,3,2,2,0,0,0,0,0,0,1,0,2,3,2,1,2,2,1,2,17,11.9
0,0,1,0,1,0,0,0,4,4,4,4,4,0,0,0,0,0,0,0,1,3,3,3,3,3,3,3,3,13,18.51666667
0,1,0,1,1,0,0,0,4,4,4,4,4,0,0,0,0,0,0,0,1,3,3,2,3,2,3,3,3,14,10.45
1,0,1,1,1,0,0,0,4,3,3,2,2,0,0,1,0,1,0,0,0,2,2,1,1,3,2,3,3,17,16.76666667
0,1,1,1,1,0,0,0,3,3,3,3,4,1,0,1,0,0,0,0,0,3,3,2,2,3,3,3,3,14,12.65
1,1,1,1,0,0,0,0,3,2,3,4,4,1,0,1,0,0,1,0,0,2,2,2,2,3,2,3,3,16,10.15
0,1,1,1,0,0,0,0,2,4,4,4,3,0,0,1,0,0,0,0,0,1,1,1,1,3,3,3,3,17,9.25
0,1,0,1,0,0,0,0,2,4,3,3,4,1,0,1,0,0,0,1,0,2,2,2,2,3,3,3,3,16,9.166666667
0,0,0,0,1,0,0,0,3,1,4,2,2,0,0,1,0,0,0,0,0,2,1,2,2,3,3,1,2,13,19.16666667
0,0,1,1,1,0,0,0,3,4,3,3,2,0,0,0,0,0,0,1,0,3,3,2,3,3,2,3,3,14,16.58333333
0,0,1,1,1,0,0,0,2,2,2,1,2,0,0,0,0,0,0,0,1,2,2,2,2,3,3,2,3,13,16.5
0,0,0,0,1,0,0,0,3,4,4,4,3,0,0,0,0,0,0,0,1,3,3,3,3,3,3,3,3,17,18.06666667
0,0,1,0,1,0,0,0,2,4,3,4,4,0,0,1,0,0,0,0,0,3,3,2,3,3,3,3,3,13,15.35
1,1,1,0,1,0,1,0,4,2,3,1,1,1,0,1,0,0,0,1,0,1,1,1,1,3,2,2,3,13,24.45
1,1,0,1,1,0,0,0,2,2,2,3,3,1,0,0,0,0,0,1,0,2,2,2,2,3,2,2,2,15,12.2
1,1,1,1,1,1,1,0,2,2,1,2,1,1,0,1,0,0,0,0,0,3,3,1,2,3,2,2,2,14,31.76666667
1,1,1,1,1,0,0,0,2,3,2,3,3,1,1,1,0,1,0,1,0,2,2,2,2,3,2,3,3,16,18.2
1,1,1,1,1,0,0,0,1,2,2,1,4,1,0,1,0,0,0,0,0,1,2,1,1,3,3,2,2,15,12.61666667
0,1,0,1,0,0,0,0,1,3,1,2,4,1,0,1,0,0,0,0,0,2,2,2,2,3,3,3,3,16,12.25
1,1,1,1,1,0,0,0,1,1,3,3,1,1,1,1,1,1,1,1,0,2,2,2,1,2,1,2,1,16,31.21666667
0,1,1,1,1,0,0,0,2,4,2,4,4,1,0,1,0,0,0,0,0,2,2,2,2,3,2,3,3,16,11.56666667
0,0,1,1,1,0,0,0,2,2,4,2,4,0,0,0,0,0,0,0,1,3,2,3,3,3,3,3,3,13,13.96666667
1,1,1,1,1,0,0,0,2,4,3,4,4,1,1,1,0,0,0,0,0,2,1,1,2,1,1,2,1,17,16.83333333
0,1,0,0,1,0,0,0,4,4,3,2,4,0,0,0,0,0,0,0,1,1,3,1,2,2,2,3,3,15,37.75
1,1,1,1,1,0,0,0,2,4,2,2,98,0,1,1,0,0,0,0,0,2,3,2,3,2,1,1,1,17,15.38333333
0,1,0,1,1,0,0,0,2,1,3,4,2,0,0,0,0,0,0,0,1,3,2,3,3,3,3,3,2,14,16.06666667
0,1,0,1,0,0,0,0,1,2,2,2,3,0,0,0,0,0,0,1,0,3,3,3,3,2,1,1,1,15,29.23333333
0,1,0,1,1,0,0,0,3,3,4,3,3,1,0,1,0,0,0,0,0,2,2,2,2,3,3,2,2,13,12.95
0,1,1,1,1,0,0,0,2,3,3,1,3,1,0,1,0,0,1,0,0,1,1,1,1,3,2,2,1,13,16.5
1,1,1,1,1,0,0,0,1,2,2,1,1,1,0,1,0,0,0,1,0,1,1,1,2,3,3,2,2,17,14.78333333
0,1,0,1,1,0,0,0,3,4,2,3,2,1,1,1,0,0,0,1,0,3,2,2,2,2,2,2,2,16,7.683333333
0,0,0,0,1,0,0,0,4,4,4,4,4,0,0,0,0,0,0,0,1,3,2,3,3,3,3,3,2,14,33.78333333
0,1,0,1,1,0,0,0,3,4,4,4,4,0,0,0,0,0,0,0,1,3,3,2,3,3,3,3,3,14,28.98333333
0,1,1,0,1,1,0,0,4,2,4,2,4,1,0,1,0,0,0,0,0,1,1,1,2,3,3,3,1,17,19.76666667
1,1,1,1,1,0,0,0,1,1,2,2,4,0,0,0,0,0,0,0,1,2,2,1,3,98,98,98,98,17,9.65
0,0,0,0,1,0,0,0,4,4,4,4,4,0,0,0,0,0,0,0,1,3,1,3,3,3,3,3,3,13,20.21666667
0,1,1,1,1,0,0,0,2,3,3,2,3,0,0,0,0,0,1,1,0,1,1,1,1,3,2,2,3,13,30.05
0,1,1,0,1,0,0,0,3,4,3,3,3,0,0,0,0,0,0,0,1,2,2,1,2,3,3,3,3,15,11.8
0,1,0,1,0,0,0,0,2,2,3,2,2,1,0,1,0,0,0,1,0,2,2,2,2,3,3,3,2,13,7.116666667
0,1,0,1,1,0,0,0,2,3,2,4,2,1,0,0,0,0,0,1,0,2,3,1,2,2,3,2,2,14,30
1,1,1,1,1,0,0,0,1,1,2,3,2,1,1,0,1,0,1,1,0,1,2,1,2,3,3,1,2,16,17.43333333
0,1,0,1,1,0,0,0,4,4,4,4,4,0,0,0,0,0,0,0,1,2,1,2,2,3,3,3,3,17,12.21666667
0,0,0,1,1,0,0,0,2,4,4,3,4,1,0,0,0,0,0,0,0,3,2,2,2,2,1,2,2,15,15.21666667
0,1,0,1,1,0,0,0,1,3,1,3,4,1,1,1,0,1,0,1,0,1,1,2,2,2,3,1,1,16,30.26666667
1,1,1,1,1,0,0,0,3,2,4,2,4,0,0,0,0,0,0,0,1,2,3,2,3,3,3,3,3,14,55.3
1,1,0,1,1,0,1,0,3,4,2,4,3,1,0,0,0,0,0,0,0,3,1,2,2,2,2,2,1,15,9.766666667
0,1,0,1,1,0,0,0,4,2,3,2,4,0,0,0,0,0,0,0,1,3,3,2,2,3,3,3,3,14,16.56666667
1,1,1,1,1,1,1,0,1,2,3,2,4,0,0,0,0,0,0,0,1,2,2,2,2,3,3,1,1,16,15.8
1,1,1,1,1,0,0,0,1,98,2,2,4,1,1,1,1,0,1,1,0,2,3,2,2,2,2,1,2,13,13.03333333
1,0,1,1,1,0,0,0,2,1,2,2,3,0,0,0,0,0,0,0,1,2,2,2,2,3,3,3,3,15,11.61666667
0,1,0,0,0,0,0,0,2,3,3,3,3,1,0,0,0,0,0,0,0,2,2,2,1,3,3,3,2,16,17.63333333
1,1,1,1,1,1,0,0,1,1,2,2,3,0,1,0,1,1,1,1,0,2,3,2,2,2,1,1,2,14,20.03333333
1,0,1,1,0,0,0,0,2,3,2,2,3,1,0,0,0,0,0,0,0,2,2,2,1,3,2,3,3,16,39.43333333
0,1,0,1,1,0,0,0,3,4,4,3,4,0,0,1,0,0,0,0,0,1,1,1,1,2,3,3,1,13,20.48333333
0,1,0,1,0,0,0,0,2,2,3,3,3,1,0,0,0,0,0,1,0,2,2,2,3,1,1,1,2,14,11.4
0,0,0,0,0,0,0,1, , , , , , , , , , , , , , , , , , , , , ,13,24.4
0,0,0,0,1,0,0,0,4,4,4,4,4,0,0,0,0,0,0,0,1,3,3,3,3,3,3,3,3,14,7.55
0,0,0,1,1,0,0,0,4,3,2,2,4,1,0,0,0,0,0,0,0,1,2,1,1,3,2,3,2,16,16.2
0,1,0,1,1,0,0,0,2,3,3,1,4,1,0,1,0,0,0,0,0,1,1,1,1,3,2,3,3,13,19.73333333
0,1,0,1,1,0,0,0,2,4,2,2,3,0,1,0,0,0,0,0,0,1,2,1,3,3,2,1,1,15,12.05
0,1,1,1,1,0,0,0,2,2,2,4,3,1,1,1,0,1,0,1,0,1,1,3,3,3,3,1,2,14,42.2
0,0,1,1,1,0,0,0,3,3,3,1,3,0,0,0,0,0,0,0,1,3,1,1,2,3,3,3,3,13,7.05
0,1,0,0,1,0,0,0,1,2,2,2,4,1,0,1,0,0,0,1,0,2,2,2,2,2,1,2,2,14,25.06666667
0,0,1,1,0,0,0,0,2,2,2,2,2,1,0,0,0,0,0,0,0,2,2,2,2,2,2,1,1,15,4.1
0,1,0,1,1,0,0,0,3,3,2,2,4,0,0,1,0,0,0,0,0,3,3,2,3,3,2,2,2,13,11.45
0,1,0,0,1,0,0,0,3,4,2,1,4,1,0,0,0,0,0,0,0,2,2,1,2,2,2,1,2,13,19.5
0,0,0,0,0,0,0,1, , , , , , , , , , , , , , , , , , , , , ,13,17.35
0,1,1,1,1,0,0,0,2,3,4,2,4,0,0,0,0,0,0,0,1,2,1,2,2,3,3,3,3,16,26.78333333
0,0,0,0,1,1,0,0,4,2,4,4,4,0,0,0,0,0,0,0,1,3,3,1,3,3,3,3,3,15,21.78333333
1,1,1,1,1,0,0,0,1,2,2,1,1,1,1,1,0,0,0,1,0,2,1,2,1,3,3,3,3,15,18.86666667
1,1,0,1,1,1,0,0,2,3,3,4,4,0,0,0,0,0,0,1,0,2,2,2,2,3,2,2,1,13,22.53333333
0,1,1,1,1,0,0,0,2,2,2,2,2,0,0,1,0,0,0,0,0,2,2,1,2,2,2,2,1,13,7.35
0,0,1,1,1,0,0,0,3,2,3,3,2,1,0,1,0,0,0,0,0,2,1,1,1,3,2,3,3,14,14.25
0,1,0,1,1,0,0,0,2,4,1,4,4,1,0,1,0,0,0,0,0,1,2,1,3,3,3,3,3,13,11.13333333
0,1,1,1,1,0,0,0,2,1,2,2,1,0,0,0,0,0,0,0,1,2,2,2,2,3,3,3,3,17,16.43333333
0,0,0,1,0,0,0,0,1,1,4,2,4,0,0,1,0,0,1,1,0,1,1,1,1,3,3,3,3,13,30.51666667
0,1,1,1,1,0,0,0,3,2,2,3,3,0,0,0,0,0,0,0,1,3,3,2,1,3,3,3,2,15,82.43333333
0,1,1,1,1,0,0,0,4,2,2,3,4,0,0,1,1,0,0,1,0,1,2,1,1,3,2,3,3,15,28
1,1,1,1,1,0,0,0,2,2,2,2,2,1,1,1,0,0,0,1,0,1,1,1,1,3,2,2,3,17,12.31666667
0,1,0,1,1,0,0,0,4,2,2,4,4,1,0,0,0,0,0,1,0,3,3,1,3,3,3,3,3,14,7.983333333
0,1,1,1,1,0,0,0,2,3,2,1,4,0,1,1,0,0,0,1,0,2,2,2,2,3,3,3,3,17,16.06666667
1,0,0,0,1,0,0,0,4,3,3,3,3,0,0,0,1,0,0,1,0,2,2,2,2,3,2,3,3,16,16.95
0,0,0,0,1,0,0,0,4,4,4,4,4,0,0,0,0,0,0,0,1,3,3,3,3,3,3,3,3,17,8.416666667
1,1,1,1,1,0,0,0,4,3,3,2,4,0,0,0,0,0,0,0,1,2,1,2,1,3,3,3,3,15,20.43333333
0,1,0,1,1,0,0,0,2,3,4,4,4,0,0,1,1,0,0,0,0,2,2,2,3,2,2,1,1,15,8.933333333
1,1,1,1,1,0,0,0,1,1,1,1,1,1,1,1,0,0,0,1,0,2,2,1,3,3,3,3,3,13,18.71666667
0,0,1,0,1,0,1,0,2,3,2,1,4,0,0,0,1,1,0,1,0,2,2,3,2,2,1,3,1,17,41.16666667
0,0,1,0,1,0,0,0,3,3,4,2,4,0,0,0,0,0,0,0,0,3,3,2,2,3,3,3,3,17,18.33333333
0,0,1,0,0,0,0,0,2,3,3,1,4,0,1,1,1,0,1,1,0,1,1,1,1,3,3,3,3,16,37.41666667
0,0,0,0,0,0,0,1, , , , , , , , , , , , , , , , , , , , , ,16,6.55
1,1,0,1,1,0,0,0,4,3,2,3,3,1,1,1,0,0,0,0,0,2,2,2,2,3,2,3,2,17,17.18333333
0,1,1,1,1,0,0,0,2,2,1,2,1,1,0,1,0,0,0,0,0,1,2,1,2,3,3,2,2,17,9.55
0,0,0,0,1,0,0,0,4,4,4,4,4,0,0,0,0,0,0,0,1,2,2,2,2,3,2,3,3,17,21.66666667
1,1,0,1,1,0,0,0,3,2,2,1,2,1,1,0,1,0,0,1,0,2,2,1,2,2,3,1,2,14,82.03333333
0,1,1,1,1,0,0,0,2,3,3,1,2,1,0,1,0,0,0,1,0,2,1,2,1,3,2,3,2,13,17.66666667
1,1,0,1,1,0,1,0,4,2,3,4,4,0,0,0,0,0,0,0,1,2,1,3,2,3,3,3,3,14,32.38333333
1,1,1,0,1,1,0,0,1,2,1,2,1,1,1,1,0,1,0,1,0,1,1,1,1,3,2,2,3,17,10.66666667
0,1,0,1,1,0,0,0,4,4,4,4,4,0,0,0,0,0,0,0,1,2,3,2,2,3,3,3,3,16,19.08333333
0,0,0,0,1,0,0,0,2,3,3,3,3,1,1,1,1,1,0,1,0,3,3,1,3,2,1,2,3,13,14.95
0,1,1,0,1,0,0,0,2,2,2,2,2,0,0,1,0,0,1,0,0,1,2,2,2,2,2,2,2,16,9.633333333
0,1,1,1,0,0,0,0,1,1,2,1,2,0,0,0,0,1,0,0,0,2,1,2,1,1,1,2,2,16,10.73333333
1,1,1,1,1,1,0,0,2,2,2,2,2,1,0,1,0,1,0,1,0,2,2,2,2,3,3,3,3,16,14.71666667
0,1,1,1,1,0,0,0,2,2,2,4,3,1,1,1,0,0,0,0,0,2,2,2,2,3,3,1,1,17,7.983333333
0,0,0,0,1,0,0,0,4,4,4,4,4,0,0,0,0,0,0,0,1,3,3,3,3,3,3,3,3,15,10.3
0,0,0,0,1,1,1,0,4,4,4,4,4,0,0,0,0,0,0,0,1,3,3,3,3,3,3,3,3,17,10.36666667
0,0,0,1,1,0,0,0,3,2,3,3,3,1,0,0,0,0,0,0,0,2,2,1,3,3,3,3,3,17,10.76666667
0,0,0,0,1,0,0,0,4,3,3,3,4,0,0,0,0,0,0,0,1,2,3,3,3,3,1,3,3,15,42.31666667
1,1,1,1,1,0,0,0,4,4,4,4,4,0,0,0,0,0,0,0,1,2,2,2,1,3,3,3,3,15,15.33333333
0,1,1,0,0,0,0,0,4,3,4,3,4,0,0,1,0,0,0,0,0,3,3,3,3,3,3,2,3,16,14.73333333
0,1,0,0,1,0,0,0,2,1,2,4,2,0,0,1,0,0,1,1,0,3,1,1,1,2,2,2,2,15,7.433333333
1,1,1,0,1,0,0,0,1,3,2,2,2,0,1,1,1,0,0,1,0,2,1,1,2,2,2,2,2,14,16.1
1,1,1,1,1,0,0,0,1,2,2,2,2,1,1,1,0,1,0,1,0,3,3,3,3,3,3,3,3,15,11.71666667
0,1,1,0,1,0,0,0,1,2,3,2,2,0,0,0,0,0,0,0,1,1,2,1,2,3,3,2,1,16,17.86666667
0,0,0,1,1,0,0,0,3,4,4,3,4,1,0,1,0,0,0,0,0,1,1,1,1,3,3,3,3,14,16.11666667
0,1,0,0,1,0,0,0,2,2,4,4,2,0,0,0,0,0,0,0,1,3,2,3,3,3,3,3,3,16,21.68333333
0,1,1,1,1,0,0,0,2,4,3,2,3,0,0,1,0,0,0,0,0,2,2,1,2,1,3,2,2,16,12.51666667
1,1,1,1,1,1,0,0,3,4,2,2,4,1,1,0,0,1,0,0,0,2,2,1,1,2,2,2,1,17,13.71666667
0,1,1,1,0,0,0,0,1,1,1,1,1,1,0,1,0,1,0,1,0,1,1,1,1,3,3,3,3,15,16.58333333
0,1,0,1,1,0,0,0,1,1,3,1,3,0,0,0,0,0,0,0,1,1,1,1,1,3,2,3,3,14,18.33333333
1,0,1,1,1,0,1,0,4,3,3,1,2,1,0,1,0,0,0,0,0,2,3,1,2,3,3,3,3,17,12.48333333
0,1,0,1,1,0,0,0,3,4,2,3,4,1,1,1,0,0,0,0,0,2,1,1,2,3,3,3,3,17,14.53333333
0,1,1,1,1,0,0,0,2,4,3,2,4,0,0,0,0,0,0,1,0,2,2,2,2,3,3,3,2,13,42
0,0,0,0,0,0,0,1, , , , , , , , , , , , , , , , , , , , , ,15,11.03333333
0,0,1,0,1,1,0,0,1,3,1,1,2,0,0,1,0,0,0,0,0,2,2,2,2,2,1,2,2,13,9.833333333
0,1,0,0,1,0,0,0,3,3,3,3,4,0,0,0,0,0,0,0,1,3,2,3,3,3,3,3,3,15,10.1
1,1,1,1,1,0,0,0,2,2,2,2,2,1,0,1,0,0,0,1,0,2,2,2,2,3,3,3,2,17,43.4
0,0,0,0,1,0,0,0,2,3,2,3,2,0,0,0,0,0,0,0,1,3,2,2,3,3,3,3,2,13,10.66666667
0,1,1,1,1,0,0,0,1,2,3,2,3,0,0,0,0,0,0,0,1,2,2,2,3,3,3,3,3,14,15.88333333
0,0,0,0,1,0,0,0,4,2,4,4,2,0,0,0,0,0,0,1,0,3,2,2,3,3,3,3,3,13,13.7
1,1,1,1,0,0,0,0,2,3,3,3,3,0,0,0,0,0,0,0,1,2,2,2,2,3,3,3,3,17,23.61666667
0,0,0,0,1,0,0,0,4,4,4,4,4,0,0,0,0,0,0,0,1,3,3,3,3,2,3,3,3,15,12.53333333
1,0,0,0,1,0,0,0,4,4,4,4,4,0,0,0,0,0,0,0,1,3,3,3,3,3,3,3,3,14,19.35
0,1,1,1,1,0,0,0,3,4,4,4,4,0,0,0,0,0,0,0,1,2,2,1,2,2,3,3,3,17,13.95
0,1,0,1,1,0,0,0,1,2,4,2,4,1,0,1,0,0,0,0,0,2,2,2,2,3,3,3,3,15,15.5
0,0,0,0,1,0,0,0,4,4,4,4,4,0,0,0,0,0,0,0,1,3,3,3,3,3,3,3,3,13,39.63333333
0,0,1,0,1,0,0,0,4,4,1,2,3,1,0,1,1,0,0,1,0,1,2,1,1,3,2,3,3,14,40.05
0,0,1,0,1,0,0,0,3,4,3,3,4,0,0,0,0,0,0,0,1,2,2,2,3,3,1,3,2,16,12.45
0,0,0,0,1,0,0,0,4,4,4,4,4,0,0,0,0,0,0,0,1,3,3,3,3,3,3,3,3,16,11.45
0,1,0,0,0,0,0,0,2,3,2,2,3,1,0,1,1,0,0,1,0,2,2,2,2,3,3,3,3,13,12.11666667
0,1,1,1,1,0,0,0,2,4,3,4,2,0,0,1,0,0,0,0,0,2,3,2,2,3,2,3,3,16,17.06666667
1,1,1,1,1,0,1,0,3,3,3,2,3,1,1,1,0,1,0,1,0,2,2,2,2,2,1,2,2,13,9.45
0,0,0,0,0,0,0,1, , , , , , , , , , , , , , , , , , , , , ,14,16.41666667
1,1,1,1,1,0,0,0,2,2,2,2,3,1,0,0,0,0,0,0,0,2,3,1,2,3,3,3,2,17,28.1
0,0,0,1,1,0,0,0,2,2,2,2,2,0,0,0,0,1,0,0,0,2,2,2,2,2,2,1,2,15,10.86666667
1,1,1,1,1,1,1,0,1,2,3,1,2,0,0,0,0,1,0,1,0,1,1,2,2,3,1,2,3,14,19.96666667
1,1,1,0,1,0,0,0,3,2,2,2,1,0,0,0,0,0,0,0,1,2,2,2,2,3,3,2,2,15,9.366666667
0,1,0,1,1,0,0,0,4,4,3,4,4,0,0,0,0,0,0,0,1,3,3,2,3,3,3,3,3,13,25.05
0,1,0,1,0,0,0,0,4,3,3,3,4,0,0,1,0,0,0,0,0,2,3,2,2,3,2,3,3,14,21.28333333
0,1,0,1,1,0,0,0,2,3,1,1,3,0,0,1,0,0,0,0,0,3,2,3,2,3,3,3,3,14,9.4
0,0,1,0,1,0,0,0,4,2,4,4,3,0,0,0,0,0,0,0,1,3,3,3,3,3,3,3,3,14,8.933333333
0,1,1,1,1,0,0,0,2,1,3,1,4,1,1,0,0,0,1,1,0,3,3,2,3,3,1,2,1,16,61.48333333
1,1,1,1,1,1,0,0,2,2,4,2,1,0,0,0,0,0,0,0,1,3,2,3,2,3,2,3,3,15,12.96666667
0,0,0,0,0,0,0,1, , , , , , , , , , , , , , , , , , , , , ,15,16.46666667
0,1,1,0,1,0,0,0,4,4,3,3,4,1,0,1,0,0,1,0,0,1,2,2,2,3,2, ,3,16,39.55
1,1,1,1,1,0,0,0,3,2,3,2,4,1,0,0,0,0,0,0,0,2,2,2,3,3,3,2,2,16,26.96666667
0,0,1,1,0,0,0,0,2,3,2,3,3,0,0,0,0,0,1,0,0,2,2,2,2,2,2,2,2,16,14.53333333
0,0,0,0,1,0,0,0,3,2,4,3,2,0,0,1,0,0,0,0,0,2,1,2,2,3,3,2,2,13,13.76666667
1,1,1,1,1,0,0,0,2,1,2,1,2,0,0,1,1,0,0,1,0,1,2,1,2,3,1,3,2,16,17.2
0,1,0,0,1,0,0,0,4,3,4,3,4,0,0,0,0,0,0,0,1,2,2,2,2,3,2,2,3,13,10.68333333
0,0,0,0,1,0,0,0,2,2,3,4,3,0,0,0,0,0,0,0,1,2,2,2,2,3,3,3,3,16,20.58333333
1,1,1,1,1,0,1,0,1,3,3,2,2,0,0,1,0,0,0,0,0,2,2,2,2,3,2,3,3,13,16.4
0,1,0,0,1,0,0,0,3,3,2,3,3,1,0,1,0,0,0,0,0,3,3,2,3,3,2,2,2,13,12.9
1,1,1,1,1,0,0,0,1,3,3,2,2,0,1,1,0,0,0,1,0,3,2,2,2,3,2,3,1,13,19.65
0,0,0,0,1,0,0,0,3,4,4,4,4,0,0,0,0,0,0,0,1,3,3,3,2,3,3,3,3,13,10.76666667
0,0,0,1,1,0,0,0,2,2,3,2,3,0,0,1,0,0,0,1,0,3,2,2,3,3,2,2,2,13,29.21666667
0,1,0,1,0,0,0,0,3,4,4,4,4,1,0,0,0,0,0,0,0,2,3,1,2,2,2,2,2,13,79.63333333
0,1,0,0,1,0,0,0,4,3,2,4,4,0,0,0,0,0,0,0,0,1,1,1,3,3,3,3,3,13,17.28333333
0,0,0,1,1,0,1,0,3,2,2,2,2,1,0,0,0,0,0,0,0,2,2,2,3,3,3,3,3,17,17.36666667
1,1,0,1,1,0,0,0,3,2,2,2,3,1,1,0,1,1,1,1,0,1,1,1,1,3,3,2,2,15,15.05
0,1,1,1,1,0,0,0,4,2,3,2,2,0,0,0,0,0,0,0,1,3,2,3,3,3,3,2,3,17,16.71666667
0,0,0,0,1,0,0,0,3,4,4,4,4,0,0,0,0,0,0,0,1,1,2,1,3,3,3,3,3,13,16.85
0,1,0,1,1,0,0,0,3,4,3,4,4,0,0,1,0,0,0,1,0,2,2,2,2,2,3,1,1,16,9.9
0,1,1,1,1,0,0,0,1,2,1,1,1,1,0,1,0,0,0,1,0,2,2,2,2,1,1,1,1,14,13.58333333
0,1,1,1,1,0,0,0,2,3,3,3,4,0,0,0,0,0,0,0,1,3,3,2,3,3,3,3,3,16,16.85
0,1,1,1,1,0,0,0,1,2,2,3,2,1,0,1,0,0,0,1,0,2,1,2,2,3,3,2,2,14,26.93333333
1,1,1,1,1,0,0,0,1,2,1,1,1,1,0,1,0,1,0,1,0,1,1,1,1,2,2,3,3,17,9
1,1,1,1,1,0,0,0,2,3,3,2,4,0,0,1,0,0,0,0,0,3,3,2,3,3,3,3,3,14,18.78333333
0,1,0,1,1,0,0,0,1,3,1,2,2,1,0,1,0,0,0,0,0,2,1,1,1,3,2,2,2,13,16.48333333
0,0,1,1,0,0,0,0,2,3,3,3,2,0,0,0,0,0,0,0,1,3,2,3,3,3,3,3,3,13,16.16666667
0,0,0,1,1,0,0,0,4,4,4,4,4,0,0,0,0,0,0,0,1,98,98,98,98,3,3,3,3,14,14
1,1,1,0,1,0,0,0,3,2,2,2,2,1,0,1,0,0,0,0,0,2,2,1,1,3,3,2,3,13,20.45
0,1,0,1,1,0,0,0,3,4,4,3,4,0,0,0,0,0,0,0,1,2,2,1,2,3,3,3,3,14,19.08333333
1,1,1,1,1,0,0,0,1,98,4,1,2,1,0,1,0,1,0,1,0,1,1,1,2,3,2,3,3,13,34.31666667
